SMILES,Mean_Inhibition,Name,Activity
Cc1cc(O)c(C(=O)NC(C(=O)NC2C(=O)N3C(C(=O)O)=C(CSc4nnnn4C)CSC23)c2ccc(O)cc2)cn1,0.041572,CEFPIRAMIDE,Active
CON=C1CN(c2nc3c(cc2F)c(=O)c(C(=O)O)cn3C2CC2)CC1CN.CS(=O)(=O)O,0.041876,GEMIFLOXACIN MESYLATE,Active
CCC(C)CCCCC(=O)NC(CCN)C(=O)NC(C(=O)NC(CCN)C(=O)NC1CCNC(=O)C(C(C)O)NC(=O)C(CCN)NC(=O)C(CCN)NC(=O)C(CC(C)C)NC(=O)C(Cc2ccccc2)NC(=O)C(CCN)NC1=O)C(C)O.O=S(=O)(O)O,0.041916,POLYMYXIN B SULFATE,Active
Cl.N=C(N)n1cccn1,0.041964,PRAXADINE HYDROCHLORIDE,Active
Cl.Cl.N=C(NCCCCCCNC(=N)NC(=N)Nc1ccc(Cl)cc1)NC(=N)Nc1ccc(Cl)cc1,0.0422955,CHLORHEXIDINE DIHYDROCHLORIDE,Active
CCOC(=O)c1c(C)cc(O)c(C=O)c1O,0.0424465,"HAEMATOMMIC ACID, ETHYL ESTER",Active
CON=C(C(=O)NC1C(=O)N2C(C(=O)[O-])=C(COC(C)=O)CSC12)c1csc(N)n1.[Na+],0.0428185,CEFOTAXIME SODIUM,Active
O=C(NC(CO)C(O)c1ccc([N+](=O)[O-])cc1)C(Cl)Cl,0.0428205,CHLORAMPHENICOL,Active
COc1c(N2CCNC(C)C2)c(F)cc2c(=O)c(C(=O)O)cn(C3CC3)c12,0.0431175,GATIFLOXACIN,Active
Cc1nnc(SCC2=C(C(=O)[O-])N3C(=O)C(NC(=O)Cn4cnnn4)C3SC2)s1.[Na+],0.043289,CEFAZOLIN SODIUM,Active
O=C1C=C2C(=CCOC2O)O1,0.043393,PATULIN,Active
CC(=O)OCC1=C(C(=O)[O-])N2C(=O)C(NC(=O)Cc3cccs3)C2SC1.[Na+],0.0434565,CEPHALOTHIN SODIUM,Active
CCC1OC(=O)C(C)C(OC2CC(C)(OC)C(O)C(C)O2)C(C)C(OC2OC(C)CC(N(C)C)C2O)C(C)(O)CC(C)CN(C)C(C)C(O)C1(C)O,0.0435055,AZITHROMYCIN,Active
CN1CCN(c2c(F)cc3c(=O)c(C(=O)O)cn4c3c2SCC4)CC1,0.043565,RUFLOXACIN HYDROCHLORIDE,Active
CON=C(C(=O)NC1C(=O)N2C(C(=O)O)=C(C[N+]3(C)CCCC3)CSC12)c1csc(N)n1.[Cl-],0.0436985,CEFEPIME HYDROCHLORIDE,Active
Cc1oc(=O)oc1CN1CCN(c2cc3c(cc2F)c(=O)c(C(=O)O)c2n3C(C)S2)CC1,0.0437805,PRULIFLOXACIN,Active
CNC1C(O)C(OC2C(N)CC(N)C(OC3OC(C(C)O)C(O)C(O)C3N)C2O)OCC1(C)O,0.043797,GENETICIN,Active
Cl.NC1CCN(c2c(F)cc3c(=O)c(C(=O)O)cn(C4CC4)c3c2Cl)C1,0.0438055,CLINAFOXACIN HYDROCHLORIDE,Active
Cc1scc2c1N(C(=O)CN1CCN(C)CC1)c1ccccc1NC2=O.Cl,0.043984,TELENZEPINE HYDROCHLORIDE,Active
O=C([O-])C1=C(CSc2nnnn2CS(=O)(=O)[O-])CSC2C(NC(=O)C(O)c3ccccc3)C(=O)N12.[Na+].[Na+],0.043985,CEFONICID SODIUM,Active
COc1cc(Cc2cnc(N)nc2N)cc(OC)c1OC,0.044023,TRIMETHOPRIM,Active
CN(C)CCC=C1c2ccccc2COc2ccc(CC(=O)O)cc21.Cl,0.044173,OLOPATADINE HYDROCHLORIDE,Active
CN1CCN(c2c(F)cc3c(=O)c(C(=O)O)cn(CCF)c3c2F)CC1,0.044175,FLEROXACIN,Active
CC1(C)SC2C(N3C(=O)C(c4ccccc4)NC3(C)C)C(=O)N2C1C(=O)[O-].[K+],0.0443235,HETACILLIN POTASSIUM,Active
NCC1OC(OC2C(N)CC(N)C(OC3OC(CO)C(O)C(N)C3O)C2O)C(N)CC1O,0.044455,TOBRAMYCIN,Active
Oc1cc(Cl)ccc1Oc1ccc(Cl)cc1Cl,0.0446025,TRICLOSAN,Active
CON=C(C(=O)NC1C(=O)N2C(C(=O)O)=C(CSC(=O)c3ccco3)CSC12)c1csc(N)n1.Cl,0.04471,CEFTIOFUR HYDROCHLORIDE,Active
CC1COc2c(N3CCN(C)CC3)c(F)cc3c(=O)c(C(=O)O)cn1c23,0.0447265,OFLOXACIN,Active
COC1(NC(=O)C2SC(=C(C(N)=O)C(=O)O)S2)C(=O)N2C(C(=O)O)=C(CSc3nnnn3C)CSC21,0.0447805,CEFOTETAN,Active
Cc1cn(C2CC(N=[N+]=[N-])C(CO)O2)c(=O)[nH]c1=O,0.0448905,ZIDOVUDINE [AZT],Active
CC(N)O.Cc1cc(CC(C)CC(C)(C)C)n(O)c(=O)c1,0.044898,PIROCTONE OLAMINE,Active
CCN1CCN(c2cc3c(cc2F)c(=O)c(C(=O)O)cn3C2CC2)CC1,0.044921,ENROFLOXACIN,Active
NCc1ccccc1CC(=O)NC1C(=O)N2C(C(=O)O)=C(CSc3nnnn3CC(=O)O)CSC12,0.045326,CEFORANIDE,Active
CC1CCc2cc(F)cc3c(=O)c(C(=O)O)cn1c23,0.0455115,FLUMEQUINE,Active
CCn1cc(C(=O)O)c(=O)c2cc(F)c(N3CCN(C)CC3)cc21.CS(=O)(=O)O,0.045535,PEFLOXACIN MESYLATE,Active
CCn1cc(C(=O)O)c(=O)c2cc(F)c(N3CCNCC3)cc21,0.0456015,NORFLOXACIN,Active
Cl.O=C(O)c1cn(-c2ccc(F)cc2)c2cc(N3CCNCC3)c(F)cc2c1=O,0.04564,SARAFLOXACIN HYDROCHLORIDE,Active
O=C(Cn1cnnn1)NC1C(=O)N2C(C(=O)O)=C(CSc3nncs3)CSC12,0.0457185,CEFTEZOLE,Active
O=C1OCCN1N=Cc1ccc([N+](=O)[O-])o1,0.045735,FURAZOLIDONE,Active
COC1(NC(=O)CSCC#N)C(=O)N2C(C(=O)[O-])=C(CSc3nnnn3C)CSC21.[Na+],0.0458265,CEFMETAZOLE SODIUM,Active
COc1c(N2CC3CCCNC3C2)c(F)cc2c(=O)c(C(=O)O)cn(C3CC3)c12.Cl,0.045905,MOXIFLOXACIN HYDROCHLORIDE,Active
CCN1CCN(C(=O)NC(C(=O)NC2C(=O)N3C(C(=O)O)=C(CSc4nnnn4C)CSC23)c2ccc(O)cc2)C(=O)C1=O,0.0459905,CEFOPERAZONE,Active
Nc1c2ccccc2nc2ccccc12,0.0461185,AMINACRINE,Active
O=C1CN(N=Cc2ccc([N+](=O)[O-])o2)C(=O)N1,0.046195,NITROFURANTOIN,Active
CC1CCC2(C)C(C=O)=CCCC2C1(C)CC1OC(O)C(=O)C12CO2,0.046245,CLEROCIDIN,Active
CS(=O)(=O)c1ccc(C(O)C(CF)NC(=O)C(Cl)Cl)cc1,0.046256,FLORFENICOL,Active
Cn1nnnc1SCC1=C(C(=O)[O-])N2C(=O)C(NC(=O)C(O)c3ccccc3)C2SC1.[Na+],0.0463205,CEFAMANDOLE SODIUM,Active
Cc1cc(C(C)(C)CC(C)(C)C)ccc1OCCOCC[N+](C)(C)Cc1ccccc1.[Cl-],0.046349,METHYLBENZETHONIUM CHLORIDE,Active
CON=C(C(=O)NC1C(=O)N2C(C(=O)[O-])=C(COC(N)=O)CSC12)c1ccco1.[Na+],0.0464255,CEFUROXIME SODIUM,Active
CCN1CCN(C(=O)NC(C(=O)NC2C(=O)N3C2SC(C)(C)C3C(=O)[O-])c2ccccc2)C(=O)C1=O.[Na+],0.046508,PIPERACILLIN SODIUM,Active
NCCC(O)C(=O)NC1CC(N)C(OC2OC(CN)C(O)C(O)C2O)C(O)C1OC1OC(CO)C(O)C(N)C1O.O,0.046522,AMIKACIN HYDRATE,Active
CC(NCCCc1cccc(C(F)(F)F)c1)c1cccc2ccccc12.Cl,0.0466595,CINACALCET HYDROCHLORIDE,Active
CCC1OC(OC(c2c[nH]cn2)C(NC(=O)c2nc(C(CC(N)=O)NCC(N)C(N)=O)nc(N)c2C)C(=O)NC(C)C(O)C(C)C(=O)NC(C(=O)NCCc2nc(-c3nc(C(=O)NCCCCNC(=N)N)cs3)cs2)C(C)O)C(OC2OC(CO)C(O)C(OC(N)=O)C2O)C(C)C1C.O=S(=O)(O)O.O=S(=O)(O)O,0.0468785,BLEOMYCIN (bleomycin B2 shown),Active
CC(C)(C)CC(C)(C)c1ccc(OCCOCC[N+](C)(C)Cc2ccccc2)cc1.[Cl-],0.046906,BENZETHONIUM CHLORIDE,Active
NC(=O)NN=Cc1ccc([N+](=O)[O-])o1,0.0474375,NITROFURAZONE,Active
CN1CCN(c2c(F)cc3c(=O)c(C(=O)O)cn4c3c2OCN4C)CC1,0.0474895,MARBOFLOXACIN,Active
CCC(C)C1NC(=O)C(CCN)NC(=O)C(NC(=O)C(CCN)NC(=O)C(NC(=O)C(CCN)NC(=O)CCCCC(C)C)C(C)O)CCNC(=O)C(C(C)O)NC(=O)C(CCN)NC(=O)C(CCN)NC(=O)C(C(C)CC)NC1=O.O=S(=O)(O)O.O=S(=O)(O)O,0.0475045,COLISTIN SULFATE,Active
O=[N+]([O-])C(Br)(CO)CO,0.047519,BRONOPOL,Active
CC1COc2c(C3(N)CC3)c(F)cc3c(=O)c(C(=O)O)cn1c23.CS(=O)(=O)O,0.04758,PAZUFLOXACIN MESYLATE,Active
CN1CCN(c2cc3c(cc2F)c(=O)c(C(=O)O)cn3-c2ccc(F)cc2)CC1.Cl,0.0477045,DIFLOXACIN HYDROCHLORIDE,Active
CCn1cc(C(=O)O)c(=O)c2cc(F)c(N3CCNC(C)C3)c(F)c21.Cl,0.047809,LOMEFLOXACIN HYDROCHLORIDE,Active
O=C(O)c1cn(C2CC2)c2cc(N3CCNCC3)c(F)cc2c1=O,0.047841,CIPROFLOXACIN,Active
CNC1C(O)C(NC)C2OC3(O)C(=O)CC(C)OC3OC2C1O.Cl.Cl,0.048002,SPECTINOMYCIN HYDROCHLORIDE,Active
CCn1cc(C(=O)[O-])c(=O)c2cc3c(cc21)OCO3.[K+],0.0481735,OXOLINIC ACID,Active
COC1(NC(=O)C(C(=O)[O-])c2ccc(O)cc2)C(=O)N2C(C(=O)[O-])=C(CSc3nnnn3C)COC21.[Na+].[Na+],0.048303,MOXALACTAM DISODIUM,Active
NCC1OC(OC2C(N)CC(N)C(OC3OC(CO)C(O)C(N)C3O)C2O)C(N)C(O)C1O.O=S(=O)(O)O,0.048321,BEKANAMYCIN SULFATE,Active
CC1CCc2c(N3CCC(O)CC3)c(F)cc3c(=O)c(C(=O)O)cn1c23,0.0483815,NADIFLOXACIN,Active
CC[Hg]Sc1ccccc1C(=O)[O-].[Na+],0.048444,THIMEROSAL,Active
Nc1nc(C(=CCC(=O)O)C(=O)NC2C(=O)N3C(C(=O)O)=CCSC23)cs1,0.0485235,CEFTIBUTEN,Active
CC1CN(c2c(F)c(F)c3c(=O)c(C(=O)O)cn(C4CC4)c3c2F)CC(C)N1,0.04856,ORBIFLOXACIN,Active
COc1cc2c(cc1OC)C(=O)C(CC1CCN(Cc3ccccc3)CC1)C2.Cl,0.0489455,DONEPEZIL HYDROCHLORIDE,Active
CCn1cc(C(=O)O)c(=O)c2cc(F)c(N3CCNCC3)nc21,0.049038,ENOXACIN,Active
NC(C(=O)NC1C(=O)N2C(C(=O)O)=C(Cl)CSC12)c1ccccc1,0.049089,CEFACLOR,Active
CN(C)CCOC(c1ccccc1)c1ccccc1.Cn1c(=O)c2[nH]c(Cl)nc2n(C)c1=O,0.049107,DIMENHYDRINATE,Active
CON=C(C(=O)NC1C(=O)N2C(C(=O)OCOC(=O)C(C)(C)C)=C(C=Cc3scnc3C)CSC12)c1csc(N)n1,0.049189,CEFDITORIN PIVOXIL,Active
Cl.O=C1CC2(CCCC2)CC(=O)N1CCCCN1CCN(c2ncccn2)CC1,0.0493065,BUSPIRONE HYDROCHLORIDE,Active
CON=C(C(=O)NC1C(=O)N2C(C(=O)[O-])=C(CSc3nc(=O)c([O-])nn3C)CSC12)c1csc(N)n1.O.O.O.[Na+].[Na+],0.0493745,CEFTRIAXONE SODIUM TRIHYDRATE,Active
CC1CN(c2c(F)c(N)c3c(=O)c(C(=O)O)cn(C4CC4)c3c2F)CC(C)N1,0.049478,SPARFLOXACIN,Active
COP(=S)(OC)Oc1cc(Cl)c(Cl)cc1Cl,0.0495885,RONNEL,Active
CC1C(NC(=O)C(=NOC(C)(C)C(=O)O)c2csc(N)n2)C(=O)N1S(=O)(=O)O,0.0498545,AZTREONAM,Active
CCC1OC(=O)C(C)C(=O)C(C)C(OC2OC(C)CC(N(C)C)C2O)C(C)(OC)CC(C)C(=O)C(C)C2N(CCCCn3cnc(-c4cccnc4)c3)C(=O)OC12C,0.0498545,TELITHROMYCIN,Active
COC1C=COC2(C)Oc3c(C)c(O)c4c(O)c(c5c(nc6cc(C)ccn65)c4c3C2=O)NC(=O)C(C)=CC=CC(C)C(O)C(C)C(O)C(C)C(OC(C)=O)C1C,0.04991,RIFAXIMIN,Active
Nc1ncn(C2OC(CO)C(O)C2O)c(=O)n1,0.0499545,AZACITIDINE,Active
C=CC1=C(C(=O)O)N2C(=O)C(NC(=O)C(=NO)c3csc(N)n3)C2SC1,0.0500205,CEFDINIR,Active
CCn1cc(C(=O)O)c(=O)c2cnc(N3CCNCC3)nc21,0.0500505,PIPEMIDIC ACID,Active
COc1ccc(Cc2cnc(N)nc2N)cc1OC,0.050236,DIAVERIDINE,Active
COC12C(COC(N)=O)C3=C(C(=O)C(C)=C(N)C3=O)N1CC1NC12,0.0503405,MITOMYCIN,Active
[O-][n+]1ccccc1S[Zn]Sc1cccc[n+]1[O-],0.0505685,PYRITHIONE ZINC,Active
CC(C)(ON=C(C(=O)NC1C(=O)N2C(C(=O)[O-])=C(C[n+]3ccccc3)CSC12)c1csc(N)n1)C(=O)O,0.051062,CEFTAZIDIME,Active
CCOC(=O)OC(C)OC(=O)C1N2C(=O)C(NC(=O)C(N)c3ccccc3)C2SC1(C)C.Cl,0.051131,BACAMPICILLIN HYDROCHLORIDE,Active
COc1ccc2c(c1OC)C(=O)OC2C1c2c(cc3c(c2OC)OCO3)CCN1C.Cl,0.051263,NOSCAPINE HYDROCHLORIDE,Active
O=C([O-])CCC(=O)OCC(NC(=O)C(Cl)Cl)C(O)c1ccc([N+](=O)[O-])cc1.[Na+],0.051658,CHLORAMPHENICOL SODIUM SUCCINATE,Active
CC(O)C1C(=O)N2C(C(=O)O)=C(SC3CNC(C(=O)N(C)C)C3)C(C)C12,0.051712,MEROPENEM,Active
CN(C)C1C(O)=C(C(N)=O)C(=O)C2(O)C(O)=C3C(=O)c4c(O)cccc4C(C)(O)C3CC12.Cl,0.0522165,TETRACYCLINE HYDROCHLORIDE,Active
CCCCCCCCCCCCCCCC[N+](C)(C)C.[Br-],0.052217,CETRIMONIUM BROMIDE,Active
O=c1[nH]c(=O)n(C2CC(O)C(CO)O2)cc1F,0.0526195,FLOXURIDINE,Active
CCC(C)C1NC(=O)C(CCNCS(=O)(=O)[O-])NC(=O)C(NC(=O)C(CCNCS(=O)(=O)[O-])NC(=O)C(NC(=O)C(CCNCS(=O)(=O)[O-])NC(=O)CCCCC(C)C)C(C)O)CCNC(=O)C(C(C)O)NC(=O)C(CCNCS(=O)(=O)[O-])NC(=O)C(CCNCS(=O)(=O)[O-])NC(=O)C(C(C)CC)NC1=O.[Na+].[Na+].[Na+].[Na+].[Na+],0.0528565,COLISTIMETHATE SODIUM,Active
Cc1cc(C2CCCCC2)n(O)c(=O)c1.NCCO,0.053435,CICLOPIROX OLAMINE,Active
CCn1nc(C(=O)O)c(=O)c2cc3c(cc21)OCO3,0.053733,CINOXACIN,Active
O=[N+]([O-])c1ccc(O)c2ncccc12,0.0541995,NITROXOLINE,Active
CCCCCCCCCCCCC[N+](C)(C)Cc1ccccc1.O.[Cl-],0.0543775,BENZALKONIUM CHLORIDE HYDRATE,Active
C=C1c2cccc(O)c2C(=O)C2=C(O)C3(O)C(=O)C(C(N)=O)=C(O)C(N(C)C)C3C(O)C12.Cl,0.0546065,METHACYCLINE HYDROCHLORIDE,Active
Oc1c(Cl)cc(Cl)c(Cl)c1Cc1c(O)c(Cl)cc(Cl)c1Cl,0.0546435,HEXACHLOROPHENE,Active
CC(=O)O[Hg]c1ccccc1,0.0564305,PHENYLMERCURIC ACETATE,Active
CN(C)C1C(O)=C(C(N)=O)C(=O)C2(O)C(O)=C3C(=O)c4c(O)ccc(Cl)c4C(O)C3CC12.Cl,0.0564945,DEMECLOCYCLINE HYDROCHLORIDE,Active
CC(=O)Oc1ccc(Cl)c2cccnc12,0.0572295,CHLOROACETOXYQUINOLINE,Active
CN(C)C1C(O)=C(C(N)=O)C(=O)C2(O)C(O)=C3C(=O)c4c(O)cccc4C(C)(O)C3C(O)C12.Cl,0.057815,OXYTETRACYCLINE,Active
CN(C)C1C(O)=C(C(N)=O)C(=O)C2(O)C(O)=C3C(=O)c4c(O)ccc(Cl)c4C(C)(O)C3CC12.Cl,0.059482,CHLORTETRACYCLINE HYDROCHLORIDE,Active
CC1c2cccc(O)c2C(=O)C2=C(O)C3(O)C(=O)C(C(N)=O)=C(O)C(N(C)C)C3C(O)C21.Cl,0.059537,DOXYCYCLINE HYDROCHLORIDE,Active
CN(C)c1ccc(O)c2c1CC1CC3C(N(C)C)C(O)=C(C(N)=O)C(=O)C3(O)C(O)=C1C2=O.Cl,0.0626285,MINOCYCLINE HYDROCHLORIDE,Active
CNC1C(OC2C(OC3C(O)C(O)C(NC(=N)N)C(O)C3NC(=N)N)OC(C)C2(O)CO)OC(CO)C(O)C1O.O=S(=O)(O)O,0.0643395,DIHYDROSTREPTOMYCIN SESQUISULFATE [5mM/10% aq DMSO],Active
COC1(NC(=O)Cc2cccs2)C(=O)N2C(C(=O)[O-])=C(COC(N)=O)CSC21.[Na+],0.0688215,CEFOXITIN SODIUM,Active
CCCCCCCCCCCCCCCC[n+]1ccccc1.[Cl-],0.071299,CETYLPYRIDINIUM CHLORIDE,Active
COC1C=COC2(C)Oc3c(C)c(O)c4c(O)c(c(C=NN5CCN(C6CCCC6)CC5)c(O)c4c3C2=O)NC(=O)C(C)=CC=CC(C)C(O)C(C)C(O)C(C)C(OC(C)=O)C1C,0.0718695,RIFAPENTINE,Active
CCC=C(C(=O)NC1C(=O)N2C(C(=O)OCOC(=O)C(C)(C)C)=C(COC(N)=O)CSC12)c1csc(N)n1.Cl,0.0724155,CEFCAPENE PIVOXIL HYDROCHLORIDE,Active
COC1C=COC2(C)Oc3c(C)c(O)c4c(O)c(c(C=NN5CCN(C)CC5)c(O)c4c3C2=O)NC(=O)C(C)=CC=CC(C)C(O)C(C)C(O)C(C)C(OC(C)=O)C1C,0.077718,RIFAMPIN,Active
Cc1ccc(S(=O)(=O)O)cc1.NC1CCN(c2nc3c(cc2F)c(=O)c(C(=O)O)cn3-c2ccc(F)cc2F)C1.O,0.0925355,TOSUFLOXACIN TOLUENESULFONATE HYDRATE,Active
CCCCCCCCCCCCCCCC[N+](C)(C)Cc1ccccc1.[Cl-],0.093284,CETALKONIUM CHLORIDE,Active
O=S(=O)(O)O.Oc1cccc2cccnc12,0.0985545,OXYQUINOLINE HEMISULFATE,Active
Oc1c(Cl)cc(Cl)c2cccnc12,0.11102,CHLOROXINE,Active
Oc1c(Cl)cc(Cl)cc1Sc1cc(Cl)cc(Cl)c1O,0.20171,BITHIONOL,Inactive
CC1CC(C)C(=O)C(C(O)CC2CC(=O)NC(=O)C2)C1,0.206035,CYCLOHEXIMIDE,Inactive
CNC1CCC(c2ccc(Cl)c(Cl)c2)c2ccccc21.Cl,0.261305,SERTRALINE HYDROCHLORIDE,Inactive
CC1(C)SC2C(NC(=O)C(NC(=O)N3CCNC3=O)c3ccccc3)C(=O)N2C1C(=O)[O-].[Na+],0.263095,AZLOCILLIN SODIUM,Inactive
CC(O)C(=O)O.CCOc1ccc2nc3cc(N)ccc3c(N)c2c1,0.2847,ETHACRIDINE LACTATE,Inactive
O=C(O)C=CC(=O)O.OCCOCCN1CCN(C2=Nc3ccccc3Sc3ccccc32)CC1,0.300125,QUETIAPINE FUMARATE,Inactive
CC(C(=O)O)c1ccc2c(c1)Cc1cccnc1O2,0.302435,PRANOPROFEN,Inactive
Cl.OC(c1cc(C(F)(F)F)nc2c(C(F)(F)F)cccc12)C1CCCCN1,0.30302,MEFLOQUINE HYDROCHLORIDE,Inactive
CC(O)C1C(=O)N2C(C(=O)[O-])=C(SC3Cn4cnc[n+]4C3)C(C)C12,0.30716,BIAPENEM,Inactive
O=C(O)CN(CCN(CC(=O)O)CC(=O)O)CCN(CC(=O)O)CC(=O)O,0.32751,PENTETIC ACID,Inactive
CC1(C)C(C(=O)O)N2C(=O)CC2S1(=O)=O,0.358025,SULBACTAM,Inactive
Cn1nnnc1SCC1=C(C(=O)[O-])N2C(=O)C(NC(=O)C(OC=O)c3ccccc3)C2SC1.[Na+],0.365255,CEFAMANDOLE NAFATE,Inactive
CS(=O)(=O)c1ccc(C(O)C(CO)NC(=O)C(Cl)Cl)cc1,0.37493,THIAMPHENICOL,Inactive
Oc1c(Br)cc(Br)c2cccnc12,0.37936,BROXYQUINOLINE,Inactive
CCCCC(CC)CN1CN(CC(CC)CCCC)CC(C)(N)C1,0.38201,HEXETIDINE,Inactive
COC1C(O)CC(=O)OC(C)CC=CC=CC(O)C(C)CC(CC=O)C1OC1OC(C)C(OC2CC(C)(O)C(OC(=O)CC(C)C)C(C)O2)C(N(C)C)C1O,0.38518,KITASAMYCINS [A1 shown],Inactive
CN(C)N=Nc1[nH]cnc1C(N)=O,0.387015,DACARBAZINE,Inactive
CCC1OC(=O)C(C)C(OC2CC(C)(OC)C(O)C(C)O2)C(C)C(OC2OC(C)CC(N(C)C)C2O)C(C)(O)CC(C)C(=O)C(C)C(O)C1(C)O,0.394435,ERYTHROMYCIN,Inactive
Oc1ccc(Cl)cc1Cc1cc(Cl)ccc1O,0.3982,DICHLOROPHEN,Inactive
CCN(CC)C(=S)SSC(=S)N(CC)CC,0.41174,DISULFIRAM,Inactive
Oc1ccc(Cl)c2cccnc12,0.42104,CLOXYQUIN,Inactive
CCC1OC(=O)C(C)C(OC2CC(C)(OC)C(O)C(C)O2)C(C)C(OC2OC(C)CC(N(C)C)C2O)C(C)(O)CC(C)C2NC(COCCOC)OC(C2C)C1(C)O,0.433495,DIRITHROMYCIN,Inactive
CCCCCCCCNC(C)C(O)c1ccc(SC(C)C)cc1,0.433905,SULOCTIDIL,Inactive
COC1OC2OC3(C)CCC4C(C)CCC(C1C)C24OO3,0.440705,ARTEMETHER,Inactive
CCCCCCNC(=O)n1cc(F)c(=O)[nH]c1=O,0.46268,CARMOFUR,Inactive
Oc1c(I)cc(Cl)c2cccnc12,0.46333,CLIOQUINOL,Inactive
Cc1cc(O)cc(C)c1Cl,0.46338,CHLOROXYLENOL,Inactive
CCCCCCc1ccc(O)cc1O,0.47322,HEXYLRESORCINOL,Inactive
O=c1[nH]cc(F)c(=O)[nH]1,0.47461,FLUOROURACIL,Inactive
Nc1ccc2cc3ccc(N)cc3nc2c1.O=S(=O)(O)O,0.476895,PROFLAVINE HEMISULFATE,Inactive
CN(C)C(=S)SSC(=S)N(C)C,0.51846,THIRAM,Inactive
C1CCC(C(CC2CCCCN2)C2CCCCC2)CC1.O=C(O)C=CC(=O)O,0.5204,PERHEXILINE MALEATE,Inactive
CC(=O)Oc1ccccc1C(=O)Nc1ncc([N+](=O)[O-])s1,0.525515,NITAZOXANIDE,Inactive
CC(=CC(=O)OCCCCCCCCC(=O)O)CC1OCC(CC2OC2C(C)C(C)O)C(O)C1O,0.5259,MUPIROCIN,Inactive
Cc1ccc2c(Br)cc(Br)c(OC(=O)c3ccccc3)c2n1,0.528455,BROXALDINE,Inactive
COc1ccccc1OCCNCC(O)COc1cccc2[nH]c3ccccc3c12.O=P(O)(O)O,0.530845,CARVEDILOL PHOSPHATE,Inactive
O=C(Nc1ccccc1)c1ccccc1O,0.5337,SALICYLANILIDE,Inactive
CCC1OC(=O)C(C)C(OC2CC(C)(OC)C(O)C(C)O2)C(C)C(OC2OC(C)CC(N(C)C)C2O)C(C)(OC)CC(C)C(=O)C(C)C(O)C1(C)O,0.53576,CLARITHROMYCIN,Inactive
Nc1nc(F)nc2c1ncn2C1OC(COP(=O)(O)O)C(O)C1O,0.541395,FLUDARABINE PHOSPHATE,Inactive
Cc1nc2ccccc2n1Cc1ccc(Cl)cc1,0.54387,CHLORMIDAZOLE,Inactive
COCC1=C(C(=O)OC(C)OC(=O)OC(C)C)N2C(=O)C(NC(=O)C(=NOC)c3csc(N)n3)C2SC1,0.55068,CEFPODOXIME PROXETIL,Inactive
CCCCCCCCCCCCCCCC(=O)OCC(NC(=O)C(Cl)Cl)C(O)c1ccc([N+](=O)[O-])cc1,0.55934,CHLORAMPHENICOL PALMITATE,Inactive
O=C(Nc1cc(Cl)cc(Cl)c1O)c1c(O)c(Cl)cc(Cl)c1Cl,0.5648,OXYCLOZANIDE,Inactive
CC1CCC2C(C)C(=O)OC3OC4(C)CCC1C32OO4,0.565745,ARTEMISININ,Inactive
COC(=O)NN=Cc1c[n+]([O-])c2ccccc2[n+]1[O-],0.57424,CARBADOX,Inactive
O=C1OC(CN2CCOCC2)CN1N=Cc1ccc([N+](=O)[O-])o1,0.5745,FURALTADONE,Inactive
IC(I)I,0.575325,IODOFORM,Inactive
CC1(C)SC2C(NC(=O)Cc3ccccc3)C(=O)N2C1C(=O)[O-].[K+],0.576135,PENICILLIN G POTASSIUM,Inactive
O=S(=O)([O-])c1cc(I)c(O)c2ncccc12.[Na+],0.579685,CHINIOFON,Inactive
CCCCCCc1ccc(O)cc1O.Nc1c2ccccc2nc2ccccc12,0.591485,ACRISORCIN,Inactive
CC1(C)SC2C(NC(=O)COc3ccccc3)C(=O)N2C1C(=O)[O-].[K+],0.59763,PENICILLIN V POTASSIUM,Inactive
S=C=NCc1ccccc1,0.60346,BENZYL ISOTHIOCYANATE,Inactive
O=c1[nH]cnc2c1ncn2C1CCC(CO)O1,0.609115,DIDANOSINE,Inactive
Cl.N=C(NN=Cc1ccc(Cl)cc1)NN=Cc1ccc(Cl)cc1,0.609345,ROBENIDINE HYDROCHLORIDE,Inactive
CCC1OC(=O)C(C)C(OC2CC(C)(OC)C(O)C(C)O2)C(C)C(OC2OC(C)CC(N(C)C)C2O)C(C)(O)CC(C)C(=NOCOCCOC)C(C)C(O)C1(C)O,0.613215,ROXITHROMYCIN,Inactive
Cc1cc(N)c2ccccc2[n+]1CCCCCCCCCC[n+]1c(C)cc(N)c2ccccc21.[Cl-].[Cl-],0.627015,DEQUALINIUM CHLORIDE,Inactive
NC(=O)c1cc[n+](CC2=C(C(=O)[O-])N3C(=O)C(NC(=O)Cc4cccs4)C3SC2)cc1,0.63414,CEFALONIUM,Inactive
CC1CCC2C(C)C(O)OC3OC4(C)CCC1C32OO4,0.637235,ARTENIMOL,Inactive
C[n+]1cc2c3c(ccc2c2ccc4cc5c(cc4c21)OCO5)OCO3.[Cl-],0.639055,SANGUINARIUM CHLORIDE,Inactive
CCC(=C(c1ccccc1)c1ccc(OCCN(C)C)cc1)c1ccccc1.O=C(O)CC(O)(CC(=O)O)C(=O)O,0.642465,TAMOXIFEN CITRATE,Inactive
CS(=O)(=O)O.CSc1ccc2c(c1)C(N1CCN(C)CC1)Cc1ccccc1S2,0.64336,METITEPINE MESYLATE,Inactive
Cc1cc(C(C#N)c2ccc(Cl)cc2)c(Cl)cc1NC(=O)c1cc(I)cc(I)c1O,0.64365,CLOSANTEL,Inactive
NC(=O)c1ncn(C2OC(CO)C(O)C2O)n1,0.645315,RIBAVIRIN,Inactive
O=C(OCC1OC(OC(=O)c2cc(O)c(O)c(OC(=O)c3cc(O)c(O)c(O)c3)c2)C(OC(=O)c2cc(O)c(O)c(OC(=O)c3cc(O)c(O)c(O)c3)c2)C(OC(=O)c2cc(O)c(O)c(OC(=O)c3cc(O)c(O)c(O)c3)c2)C1OC(=O)c1cc(O)c(O)c(OC(=O)c2cc(O)c(O)c(O)c2)c1)c1cc(O)c(O)c(OC(=O)c2cc(O)c(O)c(O)c2)c1,0.646525,TANNIC ACID,Inactive
O.O.O.O=C([O-])C1O[Sb]2OC(=O)C(O2)C(C(=O)[O-])O[Sb]2OC(=O)C1O2.[K+].[K+],0.65067,ANTIMONY POTASSIUM TARTRATE TRIHYDRATE,Inactive
C[n+]1c2cc(N)ccc2cc2ccc(N)cc21.[Cl-],0.658745,ACRIFLAVINIUM HYDROCHLORIDE,Inactive
O=C(O)C(S)C(S)C(=O)O,0.663605,SUCCIMER,Inactive
CCC1OC(=O)C(C)C(OC2CC(C)(OC)C(O)C(C)O2)C(C)C(OC2OC(C)CC(N(C)C)C2O)C(C)(O)CC(C)C(=O)C(C)C(O)C1(C)O.CCCCCCCCCCCCCCCCCC(=O)O,0.664805,ERYTHROMYCIN STEARATE,Inactive
CCCCCCCCC=CCCCCCCCC(=O)[O-].[NH3+]CCO,0.665335,ETHANOLAMINE OLEATE,Inactive
CCC(=C(CC)c1ccc(O)cc1)c1ccc(O)cc1,0.6658,DIETHYLSTILBESTROL,Inactive
CN(N=O)C(=O)NC1C(O)OC(CO)C(O)C1O,0.67693,STREPTOZOSIN,Inactive
CN(C)C(CCOc1cccc2ccccc12)c1ccccc1.Cl,0.68552,DAPOXETINE HYDROCHLORIDE,Inactive
CCCCCc1c2c(cc(O)c1C(=O)O)OC(=O)c1c(cc(OC)cc1C(=O)CCCC)O2,0.696955,LOBARIC ACID,Inactive
COc1c2ccccc2nc2occc12,0.69733,DICTAMNINE,Inactive
O=c1[nH]c2cc(Cl)ccc2o1,0.699225,CHLORZOXAZONE,Inactive
CC(=O)NCC1CN(c2ccc(N3CCOCC3)c(F)c2)C(=O)O1,0.700995,LINEZOLID,Inactive
COC1C(OC(N)=O)C(O)C(Oc2ccc3c([O-])c(NC(=O)c4ccc(O)c(CC=C(C)C)c4)c(=O)oc3c2C)OC1(C)C.[Na+],0.70124,NOVOBIOCIN SODIUM,Inactive
CCOC(=O)CCC(=O)OC1C(OC2C(C)C(OC3CC(C)(OC)C(O)C(C)O3)C(C)C(=O)OC(CC)C(C)(O)C(O)C(C)C(=O)C(C)CC2(C)O)OC(C)CC1N(C)C,0.708945,ERYTHROMYCIN ETHYLSUCCINATE,Inactive
CN(C)CCCN1c2ccccc2Sc2ccc(C(F)(F)F)cc21.Cl,0.70955,TRIFLUPROMAZINE HYDROCHLORIDE,Inactive
CCC(c1ccc(O)cc1)C(CC)c1ccc(O)cc1,0.715915,HEXESTROL,Inactive
Oc1cc2c(cc1O)C1c3ccc(O)c(O)c3OCC1(O)C2,0.716155,HAEMATOXYLIN,Inactive
COc1ccc(CC(N)C(=O)NC2C(CO)OC(n3cnc4c(N(C)C)ncnc43)C2O)cc1.Cl.Cl,0.71668,PUROMYCIN DIHYDROCHLORIDE,Inactive
O=C(O)c1cc(-c2ccc(F)cc2F)ccc1O,0.71961,DIFLUNISAL,Inactive
C=CC(C)(O)CCC1C(=C)CC(OC(C)=O)C2C(C)(C)CCCC12C,0.719915,LARIXOL ACETATE,Inactive
CN(C)CCOc1ccc(C(=C(CCCl)c2ccccc2)c2ccccc2)cc1.O=C(O)CC(O)(CC(=O)O)C(=O)O,0.721755,TOREMIFENE CITRATE,Inactive
CC(=O)OC12COC1CC(O)C1(C)C(=O)C(O)C3=C(C)C(OC(=O)C(O)C(NC(=O)OC(C)(C)C)c4ccccc4)CC(O)(C(OC(=O)c4ccccc4)C21)C3(C)C.O.O.O,0.722265,DOCETAXEL,Inactive
CN(C)CCC=C1c2ccccc2Sc2ccc(Cl)cc21.Cl,0.728045,CHLORPROTHIXENE HYDROCHLORIDE,Inactive
CCC(C(=O)[O-])C1CCC(C)C(C(C)C(O)C(C)C(=O)C(CC)C2OC3(C=CC(O)C4(CCC(C)(C5CCC(O)(CC)C(C)O5)O4)O3)C(C)CC2C)O1.[Na+],0.729025,"SALINOMYCIN, SODIUM",Inactive
Nc1nnc(-c2cccc(Cl)c2Cl)c(N)n1,0.73151,LAMOTRIGINE,Inactive
CC1(C)CCC2(C(=O)O)CCC3(C)C(=CCC4C5(C)CCC(O)C(C)(CO)C5CCC43C)C2C1,0.73676,HEDERAGENIN,Inactive
Oc1c(Cl)c(Cl)c(Cl)c(Cl)c1Cl,0.73824,PENTACHLOROPHENOL,Inactive
Clc1ccc(C(Cn2ccnc2)OCc2c(Cl)cccc2Cl)c(Cl)c1.O=[N+]([O-])O,0.73928,ISOCONAZOLE NITRATE,Inactive
CC=C(C)C(=O)OC1C(OC(C)=O)C2(CO)C(O)CC3(C)C(=CCC4C5(C)CCC(OC6OC(C(=O)O)C(OC7OC(CO)C(O)C(O)C7O)C(O)C6OC6OC(CO)C(O)C(O)C6O)C(C)(CO)C5CCC43C)C2CC1(C)C,0.73998,ESCIN,Inactive
CC(C)(O)c1ccccc1CCC(SCC1(CC(=O)[O-])CC1)c1cccc(C=Cc2ccc3ccc(Cl)cc3n2)c1.[Na+],0.7415,MONTELUKAST SODIUM,Inactive
CCC(C)C(=O)OC1CC2(C)C(c3ccoc3)OC(=O)CC23OC2(C)OC34C(OC(C)=O)C3(O)C(OC(=O)C5(C)OC5C)C5(C)CC3(O)C(C)(C5CC(=O)OC)C14O2,0.745215,UTILIN,Inactive
COc1cc(O)cc(O)c1C(=O)c1ccccc1,0.74555,ISOCOTOIN,Inactive
CCCCC(CC)CCC(CC(C)C)OS(=O)(=O)[O-].[Na+],0.745775,SODIUM TETRADECYL SULFATE,Inactive
Nc1nc2cc(Cl)ccc2o1,0.75269,ZOXAZOLAMINE,Inactive
Cc1cc(O)ccc1Cl,0.75414,CHLOROCRESOL,Inactive
CC1=CC(=O)C2=C(C)CCC3C(C)C(=O)OC3C12,0.75751,LEUCODIN,Inactive
CCC(C)C(N)C1=NC(C(=O)NC(CC(C)C)C(=O)NC(CCC(=O)O)C(=O)NC(C(=O)NCCCCC2NC(=O)C(CC(N)=O)NC(=O)C(CC(=O)O)NC(=O)C(Cc3c[nH]cn3)NC(=O)C(Cc3ccccc3)NC(=O)C(C(C)CC)NC(=O)C(CCCN)NC2=O)C(C)CC)CS1,0.75754,BACITRACIN,Inactive
Cc1c2oc3c(C)ccc(C(=O)OC(C)C4NC(=O)C(C(C)C)N(C)C(=O)CN(C)C(=O)C5CCCN5C(=O)C(C(C)C)NC4=O)c3nc-2c(C(=O)OC(C)C2NC(=O)C(C(C)C)N(C)C(=O)CN(C)C(=O)C3CCCN3C(=O)C(C(C)C)NC2=O)c(N)c1=O,0.75794,DACTINOMYCIN,Inactive
CC1=CC2C(C(C)C)CCC(C)(O)C2CC1,0.758215,CADIN-4-EN-10-OL,Inactive
C=C(c1ccc(C(=O)O)cc1)c1cc2c(cc1C)C(C)(C)CCC2(C)C,0.759105,BEXAROTENE,Inactive
CC1=CC(=O)c2c(O)cccc2C1=O,0.76077,PLUMBAGIN,Inactive
CCOc1ccc(Cc2nccc3cc(OCC)c(OCC)cc23)cc1OCC.Cl,0.761115,ETHAVERINE HYDROCHLORIDE,Inactive
CN(C)CCN(Cc1ccccc1)c1ccccn1.O=C(O)CC(O)(CC(=O)O)C(=O)O,0.76286,TRIPELENNAMINE CITRATE,Inactive
Oc1ccc2ccccc2c1,0.764145,beta-NAPHTHOL,Inactive
CCOC(=O)C1=C(C)NC(C)=C(C(=O)OC)C1c1cccc([N+](=O)[O-])c1,0.765325,NITRENDIPINE,Inactive
CN(C)CCCN1c2ccccc2Sc2ccc(Cl)cc21.Cl,0.768655,CHLORPROMAZINE HYDROCHLORIDE,Inactive
CCC(C)C1OC2(C=CC1C)CC1CC(CC=C(C)C(OC3CC(OC)C(OC4CC(OC)C(O)C(C)O4)C(C)O3)C(C)C=CC=C3COC4C(O)C(C)=CC(C(=O)O1)C34O)O2,0.7697,ABAMECTIN (avermectin B1a shown),Inactive
COc1cc(O)c2c(=O)c(OC)c(-c3ccc(OC)c(OC)c3)oc2c1,0.772455,RETUSIN,Inactive
C=C(C)C1CC=C(C(=O)O)CC1,0.772965,PERILLIC ACID (-),Inactive
CCCCCC(=O)Cc1cc(O)cc(O)c1C(=O)Oc1cc(CC(=O)CCCCC)c(C(=O)O)c(OC)c1,0.77363,ARTHONIOIC ACID,Inactive
COc1ccccc1-c1cc(=O)c2c(OC)cccc2o1,0.77385,"5,2'-DIMETHOXYFLAVONE",Inactive
CC(C)(C)CC(C)(C)c1ccc(O)c(Cc2ccc(Cl)cc2Cl)c1,0.774075,CLOFOCTOL,Inactive
CCC(=O)Oc1ccc2c(c1)CCC1C2CCC2(C)C1CC(OC(=O)CC)C2OC(=O)CC,0.779385,ESTRIOL TRIPROPIONATE,Inactive
NCC1OC(OC2C(N)CC(N)C(O)C2OC2OC(CO)C(O)C2O)C(N)C(O)C1O.O=S(=O)(O)O,0.779595,RIBOSTAMYCIN SULFATE,Inactive
O=C(O)CC[N+](=O)[O-],0.78103,BOVINOCIDIN,Inactive
CCc1nc(N)nc(N)c1-c1ccc(Cl)cc1,0.78418,PYRIMETHAMINE,Inactive
CC1=CC(=O)c2ccccc2C1=O,0.786255,MENADIONE,Inactive
CNC(C)C1CCC(N)C(OC2C(N)CC(N)C(OC3OCC(C)(O)C(NC)C3O)C2O)O1.O=S(=O)(O)O,0.78634,GENTAMICIN SULFATE,Inactive
CN(C)CCOC(C)(c1ccccc1)c1ccccn1.O=C(O)CCC(=O)O,0.78665,DOXYLAMINE SUCCINATE,Inactive
O=C1C=CC(=O)c2c(O)cccc21,0.79133,JUGLONE,Inactive
Clc1ccc2c(c1)C(N1CCNCC1)=Nc1ccccc1O2,0.792665,AMOXAPINE,Inactive
COc1cc2c(cc1OC)C1C(=O)c3ccc4oc(C(C)C)cc4c3OC1CO2,0.794655,ISOROTENONE,Inactive
CCOc1nc2cccc(C(=O)OC(C)OC(=O)OC3CCCCC3)c2n1Cc1ccc(-c2ccccc2-c2nnn[nH]2)cc1,0.795055,CANDESARTAN CILEXTIL,Inactive
COc1cc(C=Cc2ccc(O)cc2)cc(OC)c1,0.795585,PTEROSTILBENE,Inactive
CC(C)=CCC1=C(O)C(=O)c2ccccc2C1=O,0.79581,LAPACHOL,Inactive
COc1cc(C)c(C=CC=CC=CC=CC(=O)O)c(C)c1C,0.796725,ACITRETIN,Inactive
C=CCOC(Cn1ccnc1)c1ccc(Cl)cc1Cl.O=S(=O)(O)O,0.79686,ENILCONAZOLE SULFATE,Inactive
CC(=O)OCC1=C(C(=O)[O-])N2C(=O)C(NC(=O)CSc3ccncc3)C2SC1.[Na+],0.79701,CEPHAPIRIN SODIUM,Inactive
CC(C)c1nc(CN(C)C(=O)NC(C(=O)NC(Cc2ccccc2)CC(O)C(Cc2ccccc2)NC(=O)OCc2cncs2)C(C)C)cs1,0.797315,RITONAVIR,Inactive
CCN1CCCC1CNC(=O)c1cc(S(=O)(=O)CC)c(N)cc1OC,0.79732,AMISULPRIDE,Inactive
CC1(C)C(=O)C=CC2(C)C1CC(O)C1(C)C2CCC2(C)C(c3ccoc3)OC(=O)C3OC321,0.797455,DEACETYLGEDUNIN,Inactive
COc1ccccc1N1CCN(CC(O)COc2cccc3ccccc23)CC1,0.799835,NAFTOPIDIL,Inactive
COc1ccccc1OCCNCC(O)COc1cccc2[nH]c3ccccc3c12,0.80021,CARVEDILOL,Inactive
C#CCCCCCCCCCCCC(O)CC(O)CO,0.800635,AVOCADYNE,Inactive
O=C(OC1Cc2c(O)cc(O)cc2OC1c1cc(O)c(O)c(O)c1)c1cc(O)c(O)c(O)c1,0.801255,EPIGALLOCATECHIN-3-MONOGALLATE,Inactive
O=[N+]([O-])c1ccc(O)c([N+](=O)[O-])c1,0.80158,"2,4-DINITROPHENOL",Inactive
COc1ccc(C=CC(=O)c2ccc(O)cc2O)cc1,0.8023,"2',4'-DIHYDROXY-4-METHOXYCHALCONE",Inactive
CNc1ccccc1C(=O)O,0.802425,N-METHYLANTHRANILIC ACID,Inactive
CC(C)C(=O)Oc1ccc(CO)cc1C(CCN(C(C)C)C(C)C)c1ccccc1.O=C(O)C=CC(=O)O,0.804,FESOTERODINE FUMARATE,Inactive
CCN(CC)C(C)CN1c2ccccc2Sc2ccccc21.Cl,0.804295,ETHOPROPAZINE HYDROCHLORIDE,Inactive
COc1c2ccoc2c(OC)c2oc(=O)ccc12,0.804465,ISOPIMPINELLIN,Inactive
Nc1nc(N)c2nc(-c3ccccc3)c(N)nc2n1,0.80537,TRIAMTERENE,Inactive
COc1c(O)cc2oc3cc(O)c(CC=C(C)C)c(O)c3c(=O)c2c1CC=C(C)C,0.806475,alpha-MANGOSTIN,Inactive
N#Cc1c(Cl)c(Cl)c(Cl)c(C#N)c1Cl,0.80708,CHLOROTHALONIL,Inactive
Cc1cn(C2C=CC(CO)O2)c(=O)[nH]c1=O,0.80759,STAVUDINE,Inactive
N#CC(c1ccc(Cl)cc1)c1c(Cl)cc(-n2ncc(=O)[nH]c2=O)cc1Cl,0.80824,DICLAZURIL,Inactive
CCCC1CC(C(=O)NC(C(C)Cl)C2OC(SC)C(O)C(O)C2O)N(C)C1.Cl,0.80947,CLINDAMYCIN HYDROCHLORIDE,Inactive
Cc1ccc(-c2cc(C(F)(F)F)nn2-c2ccc(S(N)(=O)=O)cc2)cc1,0.81145,CELECOXIB,Inactive
COc1cc(OC)c2c(c1)OC(c1ccccc1)CC2=O,0.8116,ALPINETIN METHYL ETHER,Inactive
O=C(OCc1ccccc1)c1cccnc1,0.81374,BENZYL NICOTINATE,Inactive
CC(Cc1cccc(C(F)(F)F)c1)NCCOC(=O)c1ccccc1.Cl,0.81548,BENFLUOREX HYDROCHLORIDE,Inactive
COC(C)(C)CCCC(C)CC=CC(C)=CC(=O)OC(C)C,0.81555,METHOPRENE (S),Inactive
C=C1C(CO)C(O)CC1n1cnc2c(=O)[nH]c(N)nc21.O,0.81568,ENTECAVIR MONOHYDRATE,Inactive
C#CC1(O)CCC2C3CCc4cc(O)ccc4C3CCC21C,0.81703,ETHINYL ESTRADIOL,Inactive
COC1C(O)CC(=O)OC(C)CC=CC=CC(OC2CCC(N(C)C)C(C)O2)C(C)CC(CC=O)C1OC1OC(C)C(OC2CC(C)(O)C(O)C(C)O2)C(N(C)C)C1O,0.819255,SPIRAMYCIN,Inactive
CSc1nc2cc(Cl)c(Oc3cccc(Cl)c3Cl)cc2[nH]1,0.81989,TRICLABENDAZOLE,Inactive
CN(C)CCC=C1c2ccccc2C=Cc2ccccc21.Cl,0.820225,CYCLOBENZAPRINE HYDROCHLORIDE,Inactive
O=C(O)Cc1ccc(-c2ccccc2)cc1,0.82088,FELBINAC,Inactive
COc1c(-c2coc3cc4c(cc3c2=O)CC(O)C(C)(C)O4)ccc2c1C=CC(C)(C)O2,0.8212,MUNDULONE,Inactive
CC(CCC(=O)O)C1CCC2C3CCC4CC(O)CCC4(C)C3CCC12C,0.822145,LITHOCHOLIC ACID,Inactive
S=c1[nH]cnc2nc[nH]c12,0.82224,MERCAPTOPURINE,Inactive
O=C(C=Cc1ccccc1)c1ccc(O)cc1,0.82298,4'-HYDROXYCHALCONE,Inactive
Cc1ccccc1C(=O)Nc1ccc(C(=O)N2CCCC(O)c3cc(Cl)ccc32)c(C)c1,0.82304,TOLVAPTAN,Inactive
CNCC(O)c1ccc(O)cc1,0.82357,OXEDRINE,Inactive
O=c1c(O)c(-c2ccc(O)c(O)c2)oc2cc(O)ccc12,0.824765,FISETIN,Inactive
Cc1ccnc(NS(=O)(=O)c2ccc(N)cc2)n1,0.825695,SULFAMERAZINE,Inactive
CCCCCCCCCCCC(CC1OC(=O)C1CCCCCC)OC(=O)C(CC(C)C)NC=O,0.827585,ORLISTAT,Inactive
C=C(C)C1CCC2(C)CCC3(C)C(CCC4C5(C)CCC(OC(C)=O)C(C)(C)C5CCC43C)C12,0.828735,LUPEOL ACETATE,Inactive
Cc1nc(-c2ccc(OCC(C)C)c(C#N)c2)sc1C(=O)O,0.83124,FEBUXOSTAT,Inactive
N=C(N)NOCCC(N)C(=O)O,0.83165,CANAVANINE,Inactive
CCC(Cc1c(I)cc(I)c(N)c1I)C(=O)O,0.83173,IOPANIC ACID,Inactive
c1ccc2c(c1)[nH]c1cnccc12,0.832055,NORHARMAN,Inactive
CCC(=O)OCC(=O)C1(OC(=O)CC)C(C)CC2C3CCC4=CC(=O)C=CC4(C)C3(F)C(O)CC21C,0.83209,"BETAMETHASONE 17,21-DIPROPIONATE",Inactive
N=C1NC(=O)N2CC12,0.83218,IMEXON,Inactive
CC(=O)Oc1ccc(C=Cc2cc(OC(C)=O)cc(OC(C)=O)c2)cc1,0.83225,TRIACETYLRESVERATROL,Inactive
CN(Cc1cc(Br)cc(Br)c1N)C1CCCCC1.Cl,0.83238,BROMHEXINE HYDROCHLORIDE,Inactive
COc1ccc(-c2cc(=O)c3c(OC)c(OC)c(OC)c(OC)c3o2)cc1OC,0.83375,NOBILETIN,Inactive
O=C(O)CCCCCCCCCCCCC1C=CCC1,0.83381,CHAULMOOGRIC ACID,Inactive
O=C(O)CCc1nc2ccccc2[nH]1,0.83559,PROCODAZOLE,Inactive
Cc1ccc(-c2nc3ccc(C)cn3c2CC(=O)N(C)C)cc1,0.835605,ZOLPIDEM,Inactive
COc1cc(NC(C)CCCN)c2ncccc2c1.O=P(O)(O)O.O=P(O)(O)O,0.836055,PRIMAQUINE PHOSPHATE,Inactive
CC(CN1c2ccccc2Sc2ccccc21)N(C)C.Cl,0.83703,PROMETHAZINE HYDROCHLORIDE,Inactive
O=C([O-])CCCc1ccccc1.[Na+],0.83715,SODIUM PHENYLBUTYRATE,Inactive
CNC(=O)Oc1ccc2c(c1)C1(C)CCN(C)C1N2C.O=S(=O)(O)O,0.83938,PHYSOSTIGMINE SULFATE,Inactive
COc1ccc2c(c1)OCC(Cc1ccc(OC)c(O)c1)C2=O,0.83942,"DEOXYSAPPANONE B 7,4'-DIMETHYL ETHER",Inactive
O=c1oc2c(O)c(O)cc3c(=O)oc4c(O)c(O)cc1c4c23,0.839945,ELLAGIC ACID,Inactive
CCCOc1ccc(C(=O)OCCN(CC)CC)cc1N.Cl,0.840415,PROPARACAINE HYDROCHLORIDE,Inactive
CC(=O)C1C(=O)C=C(C)OC1=O,0.84095,DEHYDROACETIC ACID,Inactive
CC(=O)O.Cc1c(-c2ccc(O)cc2)n(Cc2ccc(OCCN3CCCCCC3)cc2)c2ccc(O)cc12,0.841655,BAZEDOXIFENE ACETATE,Inactive
O=c1n(Cl)c(=O)n(Cl)c(=O)n1Cl,0.842675,SYMCLOSENE,Inactive
COc1c(O)cccc1O,0.842975,2-METHOXYRESORCINOL,Inactive
CCOc1cc(CC(=O)NC(CC(C)C)c2ccccc2N2CCCCC2)ccc1C(=O)O,0.843745,REPAGLINIDE,Inactive
CC(C)CCCC(C)C1CCC2C3CC(=O)C4CC(O)CCC4(C)C3CCC12C,0.84396,5alpha-CHOLESTAN-3beta-OL-6-ONE,Inactive
CN1CCN(CCCN2c3ccccc3Sc3ccc(Cl)cc32)CC1.O=S(=O)(O)CCS(=O)(=O)O,0.844185,PROCHLORPERAZINE EDISYLATE,Inactive
Cl.Fc1ccc(C2CCNCC2COc2ccc3c(c2)OCO3)cc1,0.844415,PAROXETINE HYDROCHLORIDE,Inactive
COc1ccc2cc1Oc1ccc(cc1)CC1c3c(cc4c(c3Oc3cc5c(cc3OC)CCN(C)C5C2)OCO4)CCN1C,0.844485,CEPHARANTHINE,Inactive
COC1CC(OC2C(C)=CCC3CC(CC4(CCC(C)C(C5CCCCC5)O4)O3)OC(=O)C3C=C(C)C(=NO)C4OCC(=CC=CC2C)C34O)OC(C)C1O,0.84639,SELAMECTIN,Inactive
COc1cc(C=CC(=O)O)ccc1O,0.84644,FERULIC ACID,Inactive
CCC(c1cccc(O)c1)C(C)CN(C)C.Cl,0.847215,TAPENTADOL HYDROCHLORIDE,Inactive
CC(C)NCC(O)c1cc(O)cc(O)c1,0.8474,METAPROTERENOL,Inactive
C#CCCCCCCCCCCCC(O)CC(O)COC(C)=O,0.8475,AVOCADYNE ACETATE,Inactive
COC(=O)C1=C(C)NC(C)=C(C(=O)OCC(C)C)C1c1ccccc1[N+](=O)[O-],0.84858,NISOLDIPINE,Inactive
CCCCCC1C(=O)OC(C)C(NC(=O)c2cccc(NC=O)c2O)C(=O)OC(C)C1OC(=O)CC(C)C,0.84859,ANTIMYCIN A (A1 shown),Inactive
CN1C(=O)C(O)N=C(c2ccccc2)c2cc(Cl)ccc21,0.84896,TEMAZEPAM,Inactive
COc1cc2c(=O)c(-c3ccc4c(c3)OCO4)coc2c2c1OC(C)(C)C=C2,0.849005,DURMILLONE,Inactive
COc1cccc(C(=O)c2ccccc2)c1,0.849105,CEAROIN 3-METHYL ETHER,Inactive
Clc1ccc(C(c2ccccc2Cl)C(Cl)Cl)cc1,0.84944,MITOTANE,Inactive
O=C(OCC(O)CO)c1ccccc1Nc1ccnc2cc(Cl)ccc12,0.849795,GLAFENINE,Inactive
Cl.NC(Cc1ccc(O)cc1)C(=O)O,0.84986,TYROSINE HYDROCHLORIDE,Inactive
CC1(C)OC2COC3(COS(N)(=O)=O)OC(C)(C)OC3C2O1,0.850465,TOPIRAMATE,Inactive
COc1ccc2c(=O)ccoc2c1,0.85073,7-METHOXYCHROMONE,Inactive
O=c1c(-c2ccc(O)cc2)coc2c(C3OC(CO)C(O)C(O)C3O)c(O)ccc12,0.850795,PUERARIN,Inactive
CCOC(=O)C(CCc1ccccc1)NC(C)C(=O)N1Cc2cc(OC)c(OC)cc2CC1C(=O)O.Cl,0.850925,MOEXIPRIL HYDROCHLORIDE,Inactive
CCCCC(CC)COC(=O)c1ccccc1O,0.851105,OCTISALATE,Inactive
COc1ccc(-c2coc3cc(OC)cc(OC)c3c2=O)cc1,0.851635,"5,7,4'-TRIMETHOXYISOFLAVONE",Inactive
CC1=CC2C(CC1=O)C2(C)C,0.851995,2-CARENE-3-ONE,Inactive
CCOC(=O)N1CCC(=C2c3ccc(Cl)cc3CCc3cccnc32)CC1,0.852385,LORATADINE,Inactive
O=C(O)c1ccc2c(c1)OCO2,0.85251,PIPERONYLIC ACID,Inactive
CCCC(C)C1(CC)C(=O)N=C([S-])NC1=O.[Na+],0.85312,THIOPENTAL SODIUM,Inactive
CC(O)(CC(=O)O)CC(=O)O,0.85529,MEGLUTOL,Inactive
Nc1ccc(S(=O)(=O)Nc2ccnn2-c2ccccc2)cc1,0.85563,SULFAPHENAZOLE,Inactive
COc1ccc(C(C)C(=O)c2ccc(O)cc2O)cc1,0.85613,ANGOLENSIN (R),Inactive
CCCCOc1ccc(CC(=O)NO)cc1,0.85675,BUFEXAMAC,Inactive
CCC(C)C(C(=O)OCC[N+](C)(CC)CC)c1ccccc1.[Br-],0.85746,VALETHAMATE BROMIDE,Inactive
CCCCCCCCCCCCCCCC(=O)OCC=C(C)C=CC=C(C)C=CC1=C(C)CCCC1(C)C,0.857705,RETINYL PALMITATE,Inactive
Nc1nc2ncc(=O)[nH]c2c(=O)[nH]1,0.857875,XANTHOPTERIN,Inactive
CC(CCC(=O)O)C1CCC2C3CCC4CC(O)CCC4(C)C3CC(O)C12C,0.858705,DEOXYCHOLIC ACID,Inactive
CC(=O)NC(Cc1ccccc1)C(=O)O,0.85876,AFALANINE,Inactive
CC(C)c1cccc(C(C)C)c1O,0.858835,PROPOFOL,Inactive
CCCCOCCOCCOCc1cc2c(cc1CCC)OCO2,0.859345,PIPERONYL BUTOXIDE,Inactive
CCN(CC)CCOc1ccc(C(=C(Cl)c2ccccc2)c2ccccc2)cc1.O=C(O)CC(O)(CC(=O)O)C(=O)O,0.859985,CLOMIPHENE CITRATE,Inactive
COc1ccc(-n2nc(CCC(=O)N(C)O)cc2-c2ccc(Cl)cc2)cc1,0.86075,TEPOXALIN,Inactive
Nc1nc(S)c2nc[nH]c2n1,0.86076,TIOGUANINE,Inactive
COc1ccc(C(C)=O)c(O)c1,0.860815,PAEONOL,Inactive
CC(C)c1cc2c(c(O)c1O)C1(C(=O)O)CCCC(C)(C)C1CC2,0.86132,CARNOSIC ACID,Inactive
O=C([O-])c1ccccc1-c1c2cc(I)c(=O)c(I)c-2oc2c(I)c([O-])c(I)cc12.[Na+].[Na+],0.86148,ERYTHROSINE SODIUM,Inactive
COC1C(C(=O)O)OC(C)C(O)C1O.COC1OC(C(=O)O)C(O)C(O)C1O,0.861715,"ALGINIC ACID [Mol Wt ~200,000; monomers shown]",Inactive
C[N+](C)(C)CCCCCC[N+](C)(C)C.[Br-].[Br-],0.861725,HEXAMETHONIUM BROMIDE,Inactive
CC12CCC3C(CCC4CC(=O)CCC43C)C1CCC2=O,0.86197,"5alpha-ANDROSTAN-3,17-DIONE",Inactive
CC(C)(C)NCC(O)COc1ccccc1C1CCCC1.O=S(=O)(O)O,0.86272,PENBUTOLOL SULFATE,Inactive
CC(=O)c1c(O)cc(O)cc1O,0.863305,PHLORACETOPHENONE,Inactive
CCCCCCCCCCCCCCCC(=O)OC1C(SC)OC(C(NC(=O)C2CC(CCC)CN2C)C(C)Cl)C(O)C1O.Cl,0.86334,CLINDAMYCIN PALMITATE HYDROCHLORIDE,Inactive
CN1CCCCC1c1ccc(-c2cccnc2)nc1.Cl,0.863565,ANABASAMINE HYDROCHLORIDE,Inactive
CC(C)NCC(O)c1ccc2ccccc2c1.Cl,0.86359,PRONETALOL HYDROCHLORIDE,Inactive
CC(O)C(=O)[O-].[Na+],0.863945,SODIUM LACTATE,Inactive
CCC1OC(=O)CC(O)C(C)C(OC2OC(C)C(O)C(N(C)C)C2O)C(CCN2CC(C)CC(C)C2)CC(C)C(=O)C=CC(C)=CC1COC1OC(C)C(O)C(OC)C1OC,0.86416,TILMICOSIN,Inactive
CC12CCC3C(CCC45OC4C(O)=C(C#N)CC35C)C1CCC2O,0.864645,TRILOSTANE,Inactive
CC(=O)OC1CCC2(C)C(=CCC3C2CCC2(C)C(C(C)CCCC(C)C)CCC32)C1,0.865765,CHOLESTERYL ACETATE,Inactive
CCCCC1C(=O)N(c2ccccc2)N(c2ccc(O)cc2)C1=O,0.86589,OXYPHENBUTAZONE,Inactive
CC(=O)Nc1ccc(S(=O)(=O)Nc2onc(C)c2C)cc1,0.86589,SULFISOXAZOLE ACETYL,Inactive
CC(C)C(=O)Nc1ccc([N+](=O)[O-])c(C(F)(F)F)c1,0.86624,FLUTAMIDE,Inactive
N=C(N)NS(=O)(=O)c1ccc(N)cc1,0.8666,SULFAGUANIDINE,Inactive
COC(=O)c1c(C)cc(OC(=O)c2c(C)cc(O)c(C=O)c2O)c(C)c1O,0.86666,ATRANORIN,Inactive
Cl.NCCCC(N)(C(=O)O)C(F)F.O,0.86705,EFLORNITHINE HYDROCHLORIDE HYDRATE,Inactive
CC12CCC3C(CC=C4CC(O)CCC43C)C1CCC2=O,0.867185,PRASTERONE,Inactive
Cl.N=C(N)NCCCC(N)C(=O)O,0.867375,ARGININE HYDROCHLORIDE,Inactive
COC(=O)Nc1nc2ccc(S(=O)c3ccccc3)cc2[nH]1,0.86832,OXFENDAZOLE,Inactive
CC(=O)OC1CC23CC24CCC(OC2OCC(O)C(O)C2O)C(C)(C)C4CCC3C2(C)CC3OC4(CC(C)C3C12C)OC(O)C1(C)OC41,0.86946,ACTEIN,Inactive
Cc1cc(O)cc(O)c1C(=O)O,0.86994,ORSELLINIC ACID,Inactive
CC1=C2C(=COC(C)C2C)C(O)=C(C(=O)O)C1=O,0.870195,CITRININ,Inactive
NC(CC(=O)N1CCn2c(nnc2C(F)(F)F)C1)Cc1cc(F)c(F)cc1F.O.O=P(O)(O)O,0.870365,SITAGLIPTIN PHOSPHATE,Inactive
COc1cc(C2c3cc4c(cc3C(O)C3COC(=O)C23)OCO4)cc(OC)c1OC,0.871335,PICROPODOPHYLLIN,Inactive
NCC1(CC(=O)O)CCCCC1,0.871945,GABAPENTIN,Inactive
CCCCC(=O)OC1CCC2C3CCc4cc(O)ccc4C3CCC12C,0.872515,ESTRADIOL VALERATE,Inactive
CCCC1CC(C(=O)NC(C(C)O)C2OC(SC)C(O)C(O)C2O)N(C)C1.Cl,0.87263,LINCOMYCIN HYDROCHLORIDE,Inactive
CC1(C)CCCC2(C)C1CCC1(C)OC(=O)CC12,0.873315,SCLAREOLIDE,Inactive
CNCCCC12CCC(c3ccccc31)c1ccccc12.Cl,0.87361,MAPROTILINE HYDROCHLORIDE,Inactive
CCC(C)C1OC2(CCC1C)CC1CC(CC=C(C)C(OC3CC(OC)C(OC4CC(OC)C(O)C(C)O4)C(C)O3)C(C)C=CC=C3COC4C(O)C(C)=CC(C(=O)O1)C34O)O2,0.87384,IVERMECTIN,Inactive
COP(=O)(OC)C(O)C(Cl)(Cl)Cl,0.87408,TRICHLORFON,Inactive
Cc1nc2ccccn2c(=O)c1CCN1CCC(C(=O)c2ccc(F)cc2)CC1,0.87426,PIRENPERONE,Inactive
COc1cc(NS(=O)(=O)c2ccc(N)cc2)ncn1,0.874365,SULFAMONOMETHOXINE,Inactive
N#Cc1nn(-c2c(Cl)cc(C(F)(F)F)cc2Cl)c(N)c1S(=O)C(F)(F)F,0.874715,FIPRONIL,Inactive
CN(C)CCCN1c2ccccc2CCc2ccc(Cl)cc21.Cl,0.87512,CLOMIPRAMINE HYDROCHLORIDE,Inactive
Cl.N#Cc1ccc2[nH]cc(CCCCN3CCN(c4ccc5oc(C(N)=O)cc5c4)CC3)c2c1,0.875125,VILAZODONE HYDROCHLORIDE,Inactive
COc1cc2c(cc1OC)Cc1cc(OC)c(OC)cc1Cc1cc(OC)c(OC)cc1C2,0.87533,CYCLOVERATRYLENE,Inactive
COC(=O)CC1C2(C)CC34OC5(C)OC6(C7C(=C(O)C(C)C)C(=O)OC(c8ccoc8)C7(C)C(OC(C)=O)C(OC(C)=O)C6(O5)C13C)C(OC(C)=O)C4(O)C2OC(=O)C(C)C,0.87616,BUSSEIN,Inactive
Cc1cc(OC(=O)c2c(C)cc(O)cc2O)cc(O)c1C(=O)O,0.87651,LECANORIC ACID,Inactive
CC(=O)NS(=O)(=O)c1ccc(NC(=O)c2ccccc2C(=O)O)cc1,0.876785,PHTHALYLSULFACETAMIDE,Inactive
CC1CC2C3CCC4=CC(=O)C=CC4(C)C3(Cl)C(O)CC2(C)C1(OC(=O)c1ccco1)C(=O)CCl,0.877135,MOMETASONE FUROATE,Inactive
NNCCc1ccccc1.O=S(=O)(O)O,0.877435,PHENELZINE SULFATE,Inactive
Cc1ccc(C(=CCN2CCCC2)c2ccccn2)cc1.Cl,0.877595,TRIPROLIDINE HYDROCHLORIDE,Inactive
CN(C(=O)CN(CCO)CC(=O)N(C)C(C)(C)Cc1ccccc1)C(C)(C)Cc1ccccc1,0.877655,OXETHAZAINE,Inactive
Nc1ccccc1C(=O)CC(N)C(=O)O,0.877725,KYNURENINE,Inactive
COc1cccc(-c2cc(=O)c3cc(OC)ccc3o2)c1,0.877765,"6,3'-DIMETHOXYFLAVONE",Inactive
O=C1c2c(O)cccc2C(C2OC(CO)C(O)C(O)C2O)c2cc(CO)cc(O)c21,0.87809,ALOIN,Inactive
CCC=CCC1=C(C)CCC1=O,0.878335,JASMONE,Inactive
CC(=O)OC1(C(C)=O)CCC2C3CC(C)C4=CC(=O)CCC4(C)C3CCC21C,0.878445,MEDROXYPROGESTERONE ACETATE,Inactive
CCC(C=CC(C)C1CCC2C3CCC4=CC(=O)CCC4(C)C3CCC12C)C(C)C,0.87856,"STIGMASTA-4,22-DIEN-3-ONE",Inactive
CCCCCNC(=N)NN=Cc1c[nH]c2ccc(OC)cc12.O=C(O)C=CC(=O)O,0.878755,TEGASEROD MALEATE,Inactive
COC(=O)Nc1nc2ccc(Sc3ccccc3)cc2[nH]1,0.87932,FENBENDAZOLE,Inactive
O=C1C(CCC(O)c2ccc(F)cc2)C(c2ccc(O)cc2)N1c1ccc(F)cc1,0.879575,EZETIMIBE,Inactive
CCNC(=O)C=Cc1cccc(Br)c1,0.879715,CINROMIDE,Inactive
O=C(Nc1ccc([N+](=O)[O-])cc1Cl)c1cc(Cl)ccc1O,0.87983,NICLOSAMIDE,Inactive
Cl.NCCc1c[nH]c2ccc(O)cc12,0.880305,SEROTONIN HYDROCHLORIDE,Inactive
CCCCCCCCC(=O)O,0.880595,PELARGONIC ACID,Inactive
CC(Cc1ccc(O)c(O)c1)(NN)C(=O)O,0.88066,CARBIDOPA,Inactive
CCN(CCCc1ccccc1)CCCc1ccccc1.O=C(O)CC(O)(CC(=O)O)C(=O)O,0.88079,ALVERINE CITRATE,Inactive
CCCCOc1ccc(C(=O)CCN2CCCCC2)cc1.Cl,0.88096,DYCLONINE HYDROCHLORIDE,Inactive
CON=C(C(=O)NC1C(=O)N2C(C(=O)OC(C)OC(C)=O)=C(COC(N)=O)CSC12)c1ccco1,0.88119,CEFUROXIME AXETIL,Inactive
O=C1c2c(O)cccc2Cc2cccc(O)c21,0.88165,ANTHRALIN,Inactive
OCC(O)C(O)CO,0.882035,ERYTHRITOL,Inactive
CCCCCCCCCCCCCCCC(=O)OCC(O)C1OC(=O)C(O)=C1O,0.882085,ASCORBYL PALMITATE,Inactive
CCC1(C2=NCCN2)Cc2ccccc2O1.Cl,0.88257,EFAROXAN HYDROCHLORIDE,Inactive
CC1(C)C(C=C(Cl)Cl)C1C(=O)OC(C#N)c1cccc(Oc2ccccc2)c1,0.88283,CYPERMETHRIN,Inactive
CC=Cc1ccc2c(c1)OCO2,0.882925,ISOSAFROLE,Inactive
CCCCNc1ccc(C(=O)OCCN(C)C)cc1.Cl,0.883015,TETRACAINE HYDROCHLORIDE,Inactive
Clc1ccc(CCC(Cn2ccnc2)Sc2c(Cl)cccc2Cl)cc1,0.883045,BUTOCONAZOLE,Inactive
CCN(CC)CCOC(=O)C(c1ccccc1)C1CCCCC1.Cl,0.88325,DROFENINE HYDROCHLORIDE,Inactive
CC(C)=CCc1c2c(c3occ(-c4ccc(O)cc4)c(=O)c3c1O)C=CC(C)(C)O2,0.883485,OSAJIN,Inactive
CCN(CC)Cc1ccc(Nc2ccnc3cc(Cl)ccc23)cc1O.Cl.Cl,0.88417,AMODIAQUINE DIHYDROCHLORIDE,Inactive
CC(=O)O.N=C(N)NN=Cc1c(Cl)cccc1Cl,0.884815,GUANABENZ ACETATE,Inactive
CC(C)=CCCC(C)=CCO,0.884965,NEROL,Inactive
Cn1c(=O)c2c(ncn2C)n(C)c1=O,0.88504,CAFFEINE,Inactive
COC1=CC(=O)c2ccccc2C1=O,0.885225,LAWSONE METHYL ETHER,Inactive
C=CCCCCCCCCC(=O)[O-].C=CCCCCCCCCC(=O)[O-].[Zn+2],0.885375,ZINC UNDECYLENATE [4mM],Inactive
COc1cc2occc2c2oc(=O)ccc12,0.88559,ISOBERGAPTEN,Inactive
CN(C)CCCN1c2ccccc2Sc2ccccc21.Cl,0.88583,PROMAZINE HYDROCHLORIDE,Inactive
CC(C)=CCCC(C)=CCOc1ccc2ccc(=O)oc2c1,0.88606,AURAPTENE,Inactive
c1ccc2c(c1)Nc1ccccc1S2,0.88631,PHENOTHIAZINE,Inactive
COc1cc2c(cc1OC)-c1cc3ccc(OC)c(OC)c3c[n+]1CC2.[Cl-],0.88656,PALMATINE CHLORIDE,Inactive
O=C(O)c1ccccc1Nc1cccc(C(F)(F)F)c1,0.886755,FLUFENAMIC ACID,Inactive
C#CC1(O)CCC2C3CCc4cc(OC)ccc4C3CCC21C,0.88683,MESTRANOL,Inactive
CCC1(CC)C(=O)NC(=O)NC1=O,0.887475,BARBITAL,Inactive
CC(C)(C)c1ccc(C(O)CCCN2CCC(C(O)(c3ccccc3)c3ccccc3)CC2)cc1,0.888275,TERFENADINE,Inactive
CN(C)C(=O)Oc1cccc([N+](C)(C)C)c1.COS(=O)(=O)[O-],0.88869,NEOSTIGMINE METHYLSULFATE,Inactive
O=C([O-])C(O)C(O)C(O)C(O)CO.[Na+],0.888765,SODIUM GLUCONATE,Inactive
CC(=O)Nc1ccc(OC(C)=O)cc1,0.88893,DIACETAMATE,Inactive
O.O=C(O)C1C(O)CCC2CN3CCc4c([nH]c5ccccc45)C3CC21,0.889305,YOHIMBIC ACID HYDRATE,Inactive
N#Cc1ccc(C(c2ccc(C#N)cc2)n2cncn2)cc1,0.89003,LETROZOLE,Inactive
COc1cc2c(c3ccccc13)OC(C)(C)C=C2,0.89034,LAPACHENOL,Inactive
O=C1C=C(O)C(=O)c2ccccc21,0.89072,LAWSONE,Inactive
O=C(O)c1cccc(C(=O)O)n1,0.89073,DIPICOLINIC ACID,Inactive
CON=C1CC2(CC3CC(CC=C(C)CC(C)C=CC=C4COC5C(O)C(C)=CC(C(=O)O3)C45O)O2)OC(C(C)=CC(C)C)C1C,0.890735,MOXIDECTIN,Inactive
N#CCCN.O=C(O)C=CC(=O)O,0.891325,3-AMINOPROPIONITRILE FUMARATE,Inactive
COC1C(=O)C2(C)C(OC)CC3OCC3(OC(C)=O)C2C(OC(=O)c2ccccc2)C2(O)CC(OC(=O)C(O)C(NC(=O)OC(C)(C)C)c3ccccc3)C(C)=C1C2(C)C,0.892115,CABAZITAXEL,Inactive
O=C(CCCCCCCC(=O)NCCO)NCCO,0.892175,ADELMIDROL,Inactive
CC1OC(OC2C(O)C(O)C(O)C(O)C2O)C(N)CC1NC(=N)C(=O)O.Cl,0.892335,KASUGAMYCIN HYDROCHLORIDE,Inactive
CS(=O)(=O)OCCCCOS(C)(=O)=O,0.89236,BUSULFAN,Inactive
COc1ccc2c(c1)OC1c3ccc(OC)cc3OCC21,0.892985,HOMOPTEROCARPIN,Inactive
[N-]=[N+]=CC(=O)OCC(N)C(=O)O,0.89322,AZASERINE,Inactive
CC(=O)OCC(=O)C12OC3(CCCC3)OC1CC1C3CCC4=CC(=O)C=CC4(C)C3(F)C(O)CC12C,0.89339,AMCINONIDE,Inactive
CCC(C)C(=O)OC1CC(O)C=C2C=CC(C)C(CCC(O)CC(O)CC(=O)[O-])C21.[Na+],0.89343,PRAVASTATIN SODIUM,Inactive
CC(C)CCCC(C)C1CCC2C3CCC4CC(=O)CCC4(C)C3CCC12C,0.893735,CHOLESTAN-3-ONE,Inactive
O=C(Oc1cccc2cccnc12)c1ccccc1,0.89384,BENZOXIQUINE,Inactive
C[Si](C)(C)O[Si](C)(C)O[Si](C)(C)C,0.893865,DIMETHICONE (1%/ DMSO),Inactive
Cc1noc(NS(=O)(=O)c2ccc(N)cc2)c1C,0.893925,SULFISOXAZOLE,Inactive
O=c1c(O)c(-c2ccc(O)c(O)c2)oc2c(OC3OC(CO)C(O)C(O)C3O)c(O)cc(O)c12,0.89417,GOSSYPIN,Inactive
CC1(C(=O)O)CCC2(C)CCC3(C)C(=CC(=O)C4C5(C)CCC(O)C(C)(C)C5CCC43C)C2C1,0.894225,ENOXOLONE,Inactive
COc1ccc(Cl)cc1C(=O)NCCc1ccc(S(=O)(=O)NC(=O)NC2CCCCC2)cc1,0.894285,GLYBURIDE,Inactive
O=C(O)C=CC=Cc1ccccc1,0.894475,JUAREZIC ACID,Inactive
Nc1nc(N)nc(NC2CC2)n1,0.89464,CYROMAZINE,Inactive
COc1cc2nc(N3CCN(C(=O)C4CCCO4)CC3)nc(N)c2cc1OC.Cl,0.895,TERAZOSIN HYDROCHLORIDE,Inactive
CC1CCC2C(C)C(OC(=O)CCC(=O)O)OC3OC4(C)CCC1C32OO4,0.895105,ARTESUNATE,Inactive
CC(C)NCC(O)c1ccc(O)c(O)c1.Cl,0.89544,ISOPROTERENOL HYDROCHLORIDE,Inactive
CN(C)CCS,0.895535,CAPTAMINE,Inactive
CC(C)CC(NC(=O)C(C)NC(=O)CNC(=O)C(NC=O)C(C)C)C(=O)NC(C)C(=O)NC(C(=O)NC(C(=O)NC(C(=O)NC(Cc1c[nH]c2ccccc12)C(=O)NC(CC(C)C)C(=O)NC(Cc1c[nH]c2ccccc12)C(=O)NC(CC(C)C)C(=O)NC(Cc1c[nH]c2ccccc12)C(=O)NC(CC(C)C)C(=O)NC(Cc1c[nH]c2ccccc12)C(=O)NCCO)C(C)C)C(C)C)C(C)C,0.895725,GRAMICIDIN (gramicidin A shown),Inactive
COc1c(O)cc(O)cc1O,0.89596,IRETOL,Inactive
Cc1cc(O)c2c(c1)Cc1cccc(O)c1C2=O,0.895965,CHRYSAROBIN,Inactive
Cc1cccc(C)c1OCC(C)N.Cl,0.896155,MEXILETINE HYDROCHLORIDE,Inactive
CCC1(c2ccccc2)C(=O)NCNC1=O,0.89621,PRIMIDONE,Inactive
CC1(C)CCC2(C)CCC3(C)C(=CCC4C5(C)CCC(OC(=O)c6ccccc6)C(C)(C)C5CCC43C)C2C1,0.896395,beta-AMYRIN BENZOATE,Inactive
N=C(N)c1ccc(OCCCCCOc2ccc(C(=N)N)cc2)cc1.O=S(=O)(O)CCO.O=S(=O)(O)CCO,0.896595,PENTAMIDINE ISETHIONATE,Inactive
COc1ccc2c(c1)[nH]c1c(C)nccc12,0.896595,HARMINE,Inactive
O=C1OC(c2ccc(O)cc2)(c2ccc(O)cc2)c2ccccc21,0.896785,PHENOLPHTHALEIN,Inactive
COc1ccc(C=CC(=O)c2cc(O)ccc2O)cc1,0.897105,"2',5'-DIHYDROXY-4-METHOXYCHALCONE",Inactive
CC(C)N=c1cc2n(-c3ccc(Cl)cc3)c3ccccc3nc-2cc1Nc1ccc(Cl)cc1,0.897245,CLOFAZIMINE,Inactive
CC(C)=CC1C(C(=O)OCc2cccc(Oc3ccccc3)c2)C1(C)C,0.897485,PHENOTHRIN,Inactive
CC(=O)CCc1ccc(OC(C)=O)cc1,0.897515,CUELURE,Inactive
C=CC(C)(O)CCC=C(C)CCC=C(C)C,0.898115,NEROLIDOL,Inactive
CSCCC(NC(=O)C(Cc1c[nH]c2ccccc12)NC(=O)CCNC(=O)OC(C)(C)C)C(=O)NC(CC(=O)O)C(=O)NC(Cc1ccccc1)C(N)=O,0.899695,PENTAGASTRIN,Inactive
CN(CC=Cc1ccccc1)Cc1cccc2ccccc12.Cl,0.89979,NAFTIFINE HYDROCHLORIDE,Inactive
O=C(O)C(O)C(O)C(OC1OC(CO)C(O)C(O)C1O)C(O)CO,0.89981,LACTOBIONIC ACID,Inactive
Cc1cc(=O)oc2cc(O)ccc12,0.900245,HYMECHROME,Inactive
Cc1nccc2c1[nH]c1cc(O)ccc12,0.900265,HARMOL,Inactive
CC(=O)O[PbH2]OC(C)=O,0.90081,LEAD ACETATE,Inactive
Cc1nnc(NS(=O)(=O)c2ccc(N)cc2)s1,0.901995,SULFAMETHIZOLE,Inactive
COc1ccc2c(=O)cc(-c3ccccc3)oc2c1OC,0.902045,"7,8-DIMETHOXYFLAVONE",Inactive
CCC=CCC=CCC=CCC=CCC=CCCCC(=O)OCC,0.902335,OMEGA-3-ACID ESTERS (EPA shown),Inactive
C=CCc1ccc(OC)cc1,0.9027,ESTRAGOLE,Inactive
O=c1c(O)cccc2cc(O)c(O)c(O)c12,0.903155,PURPUROGALLIN,Inactive
CC(C)c1ccc2oc3nc(N)c(C(=O)O)cc3c(=O)c2c1,0.90321,AMLEXANOX,Inactive
CC(C)(C)NCC(O)c1ccc(O)c(CO)c1,0.903255,ALBUTEROL,Inactive
Nc1ccn(C2OC(CO)C(O)C2O)c(=O)n1,0.90347,CYTARABINE,Inactive
C=CCc1ccccc1OCC(O)CNC(C)C.Cl,0.903685,ALPRENOLOL HYDROCHLORIDE,Inactive
COC(=O)c1c(C)cc(OC)cc1O,0.903785,SPARASSOL,Inactive
CCC(CCC(C)C1CCC2C3CCC4CC(O)CCC4(C)C3CCC12C)C(C)C,0.903915,FUCOSTANOL,Inactive
O=C(C=Cc1ccc(O)cc1)c1ccccc1O,0.90399,"2',4-DIHYDROXYCHALCONE",Inactive
CC(C)(C)c1ccc(C(=O)CCCN2CCC(OC(c3ccccc3)c3ccccc3)CC2)cc1,0.904095,EBASTINE,Inactive
CC(=O)C1CCC2C3CCC4=CC(=O)CCC4(C)C3CCC12C,0.904175,PROGESTERONE,Inactive
O=C(Nc1ccccc1)Nc1ccccc1,0.90431,DIPHENYLUREA,Inactive
COc1ccc(-c2coc3cc(OC)ccc3c2=O)c(O)c1,0.90447,"7,4'-DIMETHOXY-2'-HYDROXY-ISOFLAVONE",Inactive
CC1=CC(=O)[N-]S(=O)(=O)O1.[K+],0.90483,ACESULFAME POTASSIUM,Inactive
O=P1(NCCCl)OCCCN1CCCl,0.904985,IFOSFAMIDE,Inactive
COc1c2occc2cc2ccc(=O)oc12,0.905025,METHOXSALEN,Inactive
CCC(CO)NC(=O)C1C=C2c3cccc4c3c(cn4C)CC2N(C)C1.O=C(O)C=CC(=O)O,0.905345,METHYSERGIDE MALEATE,Inactive
Cl.NCCCC(=O)O,0.905435,gamma-AMINOBUTYRIC ACID HYDROCHLORIDE,Inactive
CC(S)C(=O)NCC(=O)O,0.905885,TIOPRONIN,Inactive
CCOc1ccc(Cc2cc(C3OC(CO)C(O)C(O)C3O)ccc2Cl)cc1,0.905945,DAPAGLIFLOZIN,Inactive
COC1CC(OC2C(C)OC(OC3C(C)=CCC4CC(CC5(C=CC(C)C(C6CCCCC6)O5)O4)OC(=O)C4C=C(C)C(O)C5OCC(=CC=CC3C)C45O)CC2OC)OC(C)C1O,0.90645,DORAMECTIN,Inactive
COc1ccc(CC(=O)c2ccc(O)cc2O)cc1,0.906565,ONONETIN,Inactive
CCCc1nc2c(C)cc(-c3nc4ccccc4n3C)cc2n1Cc1ccc(-c2ccccc2C(=O)O)cc1,0.906695,TELMISARTAN,Inactive
CNCCC(Oc1cccc2ccccc12)c1cccs1.Cl,0.907025,DULOXETINE HYDROCHLORIDE,Inactive
COc1ccc(C=CC(=O)Nc2ccccc2C(=O)O)cc1OC,0.9072,TRANILAST,Inactive
CN(C)CCCN1c2ccccc2CCc2ccccc21.Cl,0.907295,IMIPRAMINE HYDROCHLORIDE,Inactive
CC1(O)CCOC(=O)C1,0.907555,MEVALONIC ACID LACTONE,Inactive
CC1(C)C2CCC1(C)C(O)C2,0.908065,BORNEOL,Inactive
COC1=C(CC=C(C)C)C(=O)c2ccccc2C1=O,0.90809,LAPACHOL METHYL ETHER,Inactive
Cl.N=C(N)NN,0.909215,PIMAGEDINE HYDROCHLORIDE,Inactive
COc1cc(C=CC(=O)N2CCCCCCC2)cc(OC)c1OC,0.909395,CINOCTRAMIDE,Inactive
CC(C)=CC1C(C(=O)O)C1(C)C,0.910455,CHRYSANTHEMIC ACID,Inactive
COc1cc2c(cc1OC)C(=O)OC2,0.910625,METAMECONINE,Inactive
CCOc1cc(C=O)ccc1O,0.910635,ETHYL VANILLIN,Inactive
Cl.Nc1c2c(nc3ccccc13)CCCC2,0.910695,TACRINE HYDROCHLORIDE,Inactive
COc1cc(OC)c(OC)cc1C=O,0.910965,ASARYLALDEHYDE,Inactive
O=C([O-])c1ccccc1-c1c2cc(Br)c(=O)cc-2oc2c([Hg]O)c([O-])c(Br)cc12.[Na+].[Na+],0.91193,MERBROMIN,Inactive
O=C(O)C1C(=CCO)OC2CC(=O)N21.[LiH],0.911965,CLAVULANATE LITHIUM,Inactive
C=CC1CN2CCC1CC2C(OC(=O)OCC)c1ccnc2ccc(OC)cc12,0.91201,QUININE ETHYL CARBONATE,Inactive
CC(=O)NC(CC(C)C)C(=O)O,0.91205,ACETYL-L-LEUCINE,Inactive
COC(=O)C1=C(C)NC(C)=C(C(=O)OC)C1c1ccccc1[N+](=O)[O-],0.912425,NIFEDIPINE,Inactive
CC12C=CC(=O)C=C1CCC1C2C(O)CC2(C)C1CCC2(O)C(=O)COC(=O)CCC(=O)O,0.91244,PREDNISOLONE HEMISUCCINATE,Inactive
CCCCCCCCCCOc1cc2c(O)c(C(=O)OCC)cnc2cc1OCC,0.91247,DECOQUINATE [5mM],Inactive
CC1CCC2(OC1)OC1CC3C4CCC5CC(O)CCC5(C)C4CC(=O)C3(C)C1C2C,0.91267,HECOGENIN,Inactive
CC(C)(Oc1ccc(C(=O)c2ccc(Cl)cc2)cc1)C(=O)O,0.91272,FENOFIBRIC ACID,Inactive
CC(=O)OCC(=O)C1(O)C(C)CC2C3CCC4=CC(=O)C=CC4(C)C3(F)C(O)CC21C,0.912835,BETAMETHASONE ACETATE,Inactive
CN(CCCl)CCCl,0.91288,MECHLORETHAMINE,Inactive
OC1(c2ccc(Cl)c(C(F)(F)F)c2)CCN(CCCC(c2ccc(F)cc2)c2ccc(F)cc2)CC1,0.91296,PENFLURIDOL,Inactive
OCCN1CCN(CCCN2c3ccccc3Sc3ccc(Cl)cc32)CC1,0.91331,PERPHENAZINE,Inactive
CC(C)(O)C1CCC(C)(C2C(O)CC3(C)C4CC(OC5OC(CO)C(O)C(O)C5O)C5C(C)(C)C(OC6OCC(O)C(O)C6O)CCC56CC46CCC23C)O1,0.914235,ASTRAGALOSIDE IV,Inactive
NC(CO)(CO)CO.O=C(c1ccccc1)c1ccc2n1CCC2C(=O)O,0.914475,KETOROLAC TROMETHAMINE,Inactive
CN1C(=O)OC(C)(C)C1=O,0.91449,TRIMETHADIONE,Inactive
CC[n+]1c(-c2ccccc2)c2cc(N)ccc2c2ccc(N)cc21.[Br-],0.91453,HOMIDIUM BROMIDE,Inactive
C=C(C)C1CCC2(CO)CCC3(C)C(CCC4C5(C)CCC(O)C(C)(C)C5CCC43C)C12,0.91458,BETULIN,Inactive
CC(C)(C)NC(=O)C1CN(Cc2cccnc2)CCN1CC(O)CC(Cc1ccccc1)C(=O)NC1c2ccccc2CC1O,0.91506,INDINAVIR SULFATE,Inactive
CN1CCCC(n2nc(Cc3ccc(Cl)cc3)c3ccccc3c2=O)CC1.Cl,0.91518,AZELASTINE HYDROCHLORIDE,Inactive
OCCSCCO,0.91528,THIODIGLYCOL,Inactive
NCC1OC(OC2C(CO)OC(OC3C(O)C(N)CC(N)C3OC3OC(CO)C(O)C(O)C3N)C2O)C(N)C(O)C1O.O=S(=O)(O)O,0.915355,PAROMOMYCIN SULFATE,Inactive
C#CC1(OC(C)=O)CCC2C3CCC4=CC(=NO)CCC4C3CCC21CC,0.91553,NORGESTIMATE,Inactive
CC(CCC(=O)NCC(=O)O)C1CCC2C3C(O)CC4CC(O)CCC4(C)C3CC(O)C12C,0.915715,GLYCOCHOLIC ACID,Inactive
O=C(O)c1ccc[n+]([O-])c1,0.91606,OXINIACIC ACID,Inactive
COc1c(-c2ccccc2)oc2c(ccc3ccoc32)c1=O,0.916075,KARANJIN,Inactive
COC(=O)NC(C(=O)NC(Cc1ccccc1)C(O)CN(Cc1ccc(-c2ccccn2)cc1)NC(=O)C(NC(=O)OC)C(C)(C)C)C(C)(C)C.O=S(=O)(O)O,0.916335,ATAZANAVIR SULFATE,Inactive
CC(C)=CCCC(C)=CCCC(C)=CCO,0.916495,"trans,trans-FARNESOL",Inactive
O=C(c1cccnc1)N1CCOCC1,0.916695,NICOPHOLINE,Inactive
O=C(C=Cc1ccccc1)c1ccc(O)cc1O,0.916725,"2',4'-DIHYDROXYCHALCONE",Inactive
CCOC(=O)c1c(C)cc(OC)cc1O,0.917155,ETHYL EVERNINATE,Inactive
CC(C)NCC(O)COc1cccc2[nH]ccc12,0.91724,PINDOLOL,Inactive
CCCc1ncc(C[n+]2ccccc2C)c(N)n1.[Cl-],0.917325,AMPROLIUM,Inactive
NC(CSCSCC(N)C(=O)O)C(=O)O,0.91738,DJENKOLIC ACID,Inactive
Clc1ccc(C(Cn2ccnc2)OCc2ccsc2Cl)c(Cl)c1,0.917425,TIOCONAZOLE,Inactive
Cl.O=C1CN2Cc3c(ccc(Cl)c3Cl)N=C2N1,0.91772,ANAGRELIDE HYDROCHLORIDE,Inactive
CC(C)=CCCC(C)C1CCC2(C)C3=C(CCC12C)C1(C)CCC(O)C(C)(C)C1CC3,0.91795,EUPHOL,Inactive
COc1cc(O)c2c(=O)cc(C)oc2c1CC=C(C)C,0.918475,HETEROPEUCENIN METHYL ETHER,Inactive
CCCCOC(=O)CCCCCCC(=O)OCCCC,0.918665,DIBUTYL SUBERATE,Inactive
COc1ccc2c(c1)c(CC(=O)O)c(C)n2C(=O)c1ccc(Cl)cc1,0.919045,INDOMETHACIN,Inactive
O=c1[nH]c(=O)n(C2CC(O)C(CO)O2)cc1C=CBr,0.91915,BRIVUDINE,Inactive
OCC(O)C1OC2OC(C(Cl)(Cl)Cl)OC2C1O,0.91921,CHLORALOSE,Inactive
CCCCc1oc2ccccc2c1C(=O)c1cc(I)c(OCCN(CC)CC)c(I)c1.Cl,0.919235,AMIODARONE HYDROCHLORIDE,Inactive
Cl.Clc1ccc(Cn2c(CN3CCCC3)nc3ccccc32)cc1,0.91971,CLEMIZOLE HYDROCHLORIDE,Inactive
C=C1CCC(=O)C(C)CCC2C1CC2(C)C,0.92017,DIHYDROCARYOPHYLLEN-5-ONE,Inactive
CN(CCOc1ccc(CC2SC(=O)NC2=O)cc1)c1ccccn1.O=C(O)C=CC(=O)O,0.921075,ROSIGLITAZONE MALEATE,Inactive
COc1ccc2c3c([nH]c2c1)C(C)=NCC3,0.92112,HARMALINE,Inactive
CCN(C)C(=O)Oc1cccc(C(C)N(C)C)c1.O=C(O)C(O)C(O)C(=O)O,0.92166,RIVASTIGMINE TARTRATE,Inactive
CC#CCN1C(N2CCCC(N)C2)=NC2C1C(=O)N(Cc1nc(C)c3ccccc3n1)C(=O)N2C,0.921945,LINAGLIPTIN,Inactive
CC1CCC2(C(=O)OC3OC(COC4OC(CO)C(OC5OC(C)C(O)C(O)C5O)C(O)C4O)C(O)C(O)C3O)CCC3(C)C(=CCC4C5(C)CC(O)C(O)C(C)(CO)C5CCC43C)C2C1C,0.922095,ASIATICOSIDE,Inactive
CCC(C)C(N)C(=O)O,0.92251,ISOLEUCINE (L),Inactive
CC(=O)Nc1ncc([N+](=O)[O-])s1,0.922725,NITHIAMIDE,Inactive
Cc1cc(O)c2c(c1)C(=O)c1cc(O)cc(O)c1C2=O,0.923205,EMODIN,Inactive
NS(=O)(=O)c1ccc(C(=O)O)cc1,0.923955,CARZENIDE,Inactive
CC1CCC2(OC1)OC1CC3C4CCC5CC(O)CCC5(C)C4CCC3(C)C1C2C,0.92409,SARSASAPOGENIN,Inactive
C[N+]1(C)C2CCC1CC(OC(=O)C(O)c1ccccc1)C2.[Br-],0.924155,HOMATROPINE METHYLBROMIDE,Inactive
COc1cc(OC)c2c(c1Cl)OC1(C2=O)C(O)=CC(=O)CC1C,0.92479,GRISEOFULVIC ACID,Inactive
C=CC1(C)CC(=O)C2(O)C(C)(O1)C(O)C(O)C1C(C)(C)CCC(O)C12C,0.924855,DESACETYLCOLFORSIN,Inactive
CS(=O)(=O)Nc1ccc([N+](=O)[O-])cc1Oc1ccccc1,0.92525,NIMESULIDE,Inactive
CC(=O)OC1CCC2(C)C(CCC3(C)C2C2OC2C24OC(=O)C5(CCC(C)C(C)C52)CCC34C)C1(C)C,0.92529,11(12)-EPOXY-URSOLOLACTONE ACETATE,Inactive
NC(=O)c1cc([N+](=O)[O-])cc([N+](=O)[O-])c1,0.92555,NITROMIDE,Inactive
CC(C)(O)C1C2OC(=O)C1C1(O)CC3OC34C(=O)OC2C14C,0.925955,PICROTIN,Inactive
COc1ccc(O)c(C(C)(C)C)c1,0.926235,BUTYLATED HYDROXYANISOLE,Inactive
CCOc1ccccc1C(N)=O,0.926305,ETHENZAMIDE,Inactive
CC(=O)OC1CCC2(C)C(CCC3C4CC=C(C(C)=O)C4(C)CCC32)C1,0.92667,3-beta-ACETOXYALLOPREG-16-EN-20-ONE,Inactive
CC(=O)Oc1ccc(O)cc1,0.92669,4-ACETOXYPHENOL,Inactive
CNCc1ccccc1.Cl,0.92671,N-METHYLBENZYLAMINE HYDROCHLORIDE,Inactive
CC(C)NCC(O)c1ccc(NS(C)(=O)=O)cc1.Cl,0.926725,SOTALOL HYDROCHLORIDE,Inactive
O=C(c1ccc(F)cc1)C1CCN(CCn2c(=O)[nH]c3ccccc3c2=O)CC1,0.92755,KETANSERIN,Inactive
Cl.Cl.NCCSSCCN,0.928035,CYSTAMINE DIHYDROCHLORIDE,Inactive
O=C(CCCN1CCC(O)(c2ccc(Br)cc2)CC1)c1ccc(F)cc1,0.92806,BROMPERIDOL,Inactive
O=S1(=O)OC(c2ccc(O)cc2)(c2ccc(O)cc2)c2ccccc21,0.92816,PHENOLSULFONPHTHALEIN,Inactive
COc1c(C)c2c(c(O)c1CC=C(C)CCC(=O)OCCN1CCOCC1)C(=O)OC2,0.92835,MYCOPHENOLATE MOFETIL,Inactive
CC12C(=O)OC(=O)C1(C)C1CCC2O1,0.928455,CANTHARIDIN,Inactive
CC1=NN(c2ccccc2)C(=O)C1,0.92879,EDARAVONE,Inactive
CCCNCC(O)COc1ccccc1C(=O)CCc1ccccc1.Cl,0.928905,PROPAFENONE HYDROCHLORIDE,Inactive
NC(Cc1cc(I)c(O)c(I)c1)C(=O)O.O.O,0.929055,DIIODOTYROSINE DIHYDRATE,Inactive
CC1(C)OC2CC(=O)OCC23C1CC(=O)C1(C)C3CCC2(C)C(c3ccoc3)OC(=O)C3OC321,0.92909,LIMONIN,Inactive
Cc1cc2c(s1)Nc1ccccc1N=C2N1CCN(C)CC1,0.929205,OLANZAPINE,Inactive
COc1ccccc1O,0.929295,GUAIACOL,Inactive
OCC1OC(OCC2OC(O)C(O)C(O)C2O)C(O)C(O)C1O,0.9293,MELIBIOSE,Inactive
CCOC(=O)C1=C(COCCN)NC(C)=C(C(=O)OC)C1c1ccccc1Cl.O=S(=O)(O)c1ccccc1,0.92938,AMLODIPINE BESYLATE,Inactive
C=C(C)C1CCC2(C(=O)O)CCC3(C)C(CCC4C5(C)CCC(O)C(C)(C)C5CCC43C)C12,0.929655,BETULINIC ACID,Inactive
C[N+](C)(CCOc1ccccc1)Cc1ccccc1.O=C([O-])c1cc2ccccc2cc1O,0.92967,BEPHENIUM HYDROXYNAPTHOATE,Inactive
COc1ccc(-c2cc(=O)c3c(OC)c(OC)c(OC)cc3o2)cc1OC,0.9298,SINENSETIN,Inactive
CC1CCC(C(C)C)C(=O)C1,0.929845,MENTHONE,Inactive
COc1cc2ncnc(Nc3ccc(F)c(Cl)c3)c2cc1OCCCN1CCOCC1,0.930015,GEFITINIB,Inactive
COc1ccc(-c2coc3cc(OC(C)=O)cc(OC(C)=O)c3c2=O)cc1,0.93006,BIOCHANIN A DIACETATE,Inactive
COc1ccc2c(c1)OCc1c-2oc2cc(OC)ccc12,0.930105,DEHYDROVARIABILIN,Inactive
CN1CCc2c(c3ccccc3n2Cc2ccccc2)C1,0.930505,MEBHYDROLIN,Inactive
CCC1(c2ccccc2)NC(=O)N(C)C1=O,0.93061,MEPHENYTOIN,Inactive
Cl.OC(CCN1CCCC1)(c1ccccc1)C1CCCCC1,0.93107,PROCYCLIDINE HYDROCHLORIDE,Inactive
O=C(C=Cc1ccc(O)cc1)c1ccccc1,0.93108,4-HYDROXYCHALCONE,Inactive
OCC1OC(Oc2cc(O)cc(C=Cc3ccc(O)cc3)c2)C(O)C(O)C1O,0.931365,PICEID,Inactive
O=C(OCc1ccccc1)c1ccccc1,0.93138,BENZYL BENZOATE,Inactive
COc1cc(OC)c2c(=O)c(O)c(-c3ccc(OC)c(OC)c3)oc2c1,0.93158,"QUERCETIN 5,7,3',4'-TETRAMETHYL ETHER",Inactive
NS(=O)(=O)Cc1noc2ccccc12,0.93168,ZONISAMIDE,Inactive
COc1ccc(C(=O)c2ccccc2O)c(O)c1,0.931725,DIOXYBENZONE,Inactive
Cl.Cl.Cl.NCCCCNCCCN,0.931825,SPERMIDINE TRIHYDROCHLORIDE,Inactive
CCC1(O)CC2CN(CCc3c([nH]c4ccccc34)C(C(=O)OC)(c3cc4c(cc3OC)N(C)C3C(O)(C(=O)OC)C(OC(C)=O)C5(CC)C=CCN6CCC43C65)C2)C1.O=S(=O)(O)O,0.93188,VINBLASTINE SULFATE,Inactive
C=C1CCC(O)CC1=CC=C1CCCC2(C)C1CCC2C(C)CCCC(C)C,0.93197,CHOLECALCIFEROL,Inactive
COc1ccccc1N1CCN(CCCNc2cc(=O)n(C)c(=O)n2C)CC1.Cl,0.93208,URAPIDIL HYDROCHLORIDE,Inactive
C=CCC1C=C(C)CC(C)CC(OC)C2OC(O)(C(=O)C(=O)N3CCCCC3C(=O)OC(C(C)=CC3CCC(O)C(OC)C3)C(C)C(O)CC1=O)C(C)CC2OC,0.93218,TACROLIMUS,Inactive
C[N+]1(C)CCC(OC(=O)C(O)(c2ccccc2)C2CCCC2)C1.[Br-],0.93258,GLYCOPYRROLATE,Inactive
CC1CC2C3CCC4=CC(=O)C=CC4(C)C3(F)C(O)CC2(C)C1(O)C(=O)CO,0.932595,BETAMETHASONE,Inactive
COc1ccc(-c2cc(=O)c3c(OC)c(OC)c(OC)c(OC)c3o2)cc1,0.9327,TANGERITIN,Inactive
CC1CCC2(OC1)OC1CC3C4CC=C5CC(O)CCC5(C)C4CCC3(C)C1C2C,0.93303,DIOSGENIN,Inactive
NCCC(=O)NC(Cc1c[nH]cn1)C(=O)O,0.933215,CARNOSINE,Inactive
CC(C)Cc1ccc(C(C)C(=O)O)cc1,0.93336,DEXIBUPROFEN,Inactive
Cl.Clc1ccc(C(OCCN2CCCCC2)c2ccccc2)cc1,0.933365,CLOPERASTINE HYDROCHLORIDE,Inactive
CC1CCC(C(C)C)C(O)C1,0.93345,LEVOMENTHOL,Inactive
C=C(C)c1cc2cc(C(C)=O)c(O)cc2o1,0.933535,EUPARIN,Inactive
CCCCCCCCCCCCCCCC(=O)OCC(O)CO,0.9336,1-MONOPALMITIN,Inactive
COc1ccc(C(=O)c2ccccc2)c(O)c1,0.93375,OXYBENZONE,Inactive
C[n+]1cccc(C(=O)[O-])c1,0.93377,TRIGONELLINE,Inactive
O=C([O-])Cc1ccccc1.[Na+],0.933895,SODIUM PHENYLACETATE,Inactive
CCNC(=O)CCC(N)C(=O)[O-].[K+],0.93415,THEANINE POTASSIUM,Inactive
CC#CC1(O)CCC2C3CCC4=CC(=O)CCC4=C3C(c3ccc(N(C)C)cc3)CC21C,0.934205,MIFEPRISTONE,Inactive
CCCNC1CCc2nc(N)sc2C1.Cl.Cl,0.934325,PRAMIPEXOLE DIHYDROCHLORIDE,Inactive
CN(C)c1ccc2nc3ccc(N(C)C)cc3[s+]c2c1.O.[Cl-],0.934465,METHYLENE BLUE,Inactive
Cl.O=C(Nc1ccccc1)OCC(CN1CCCCC1)OC(=O)Nc1ccccc1,0.934475,DIPERODON HYDROCHLORIDE,Inactive
COC(=O)c1c(OC)cc2c(c1C)Oc1c(Cl)c(O)c(Cl)c(C)c1C(=O)O2,0.934785,GANGALEOIDIN,Inactive
CC(=O)C1CCC2C3CC(C)C4=CC(=O)CCC4(C)C3C(O)CC12C,0.934815,MEDRYSONE,Inactive
NCC1OC(OC2C(N)CC(N)C(OC3OC(CO)C(O)C(N)C3O)C2O)C(O)C(O)C1O.O=S(=O)(O)O,0.935235,KANAMYCIN A SULFATE,Inactive
Nc1nc(=O)[nH]cc1F,0.935495,FLUCYTOSINE,Inactive
COc1ccc2c3c1OC1CC(O)C=CC31CCN(C)C2,0.935695,GALANTAMINE,Inactive
O=C(OC1Cc2c(O)cc(O)cc2OC1c1cc(O)c(=O)c2c(O)c(O)cc(C3Oc4cc(O)cc(O)c4CC3O)c2c1)c1cc(O)c(O)c(O)c1,0.93618,THEAFLAVIN MONOGALLATES,Inactive
Cl.c1ccc2c(c1)OCC(C1=NCCN1)O2,0.93645,IDAZOXAN HYDROCHLORIDE,Inactive
CC(=O)Oc1ccccc1C(=O)Nc1ccccc1,0.93654,ACETYLSALICYLANILIDE,Inactive
C#CCOS(=O)OC1CCCCC1Oc1ccc(C(C)(C)C)cc1,0.936735,PROPARGITE,Inactive
CS(=O)(=O)CCNCc1ccc(-c2ccc3ncnc(Nc4ccc(OCc5cccc(F)c5)c(Cl)c4)c3c2)o1,0.93696,LAPATINIB,Inactive
CC(=O)CCC=C(C)CCC=C(C)CCC=C(C)CCC=C(C)C,0.93704,TEPRENONE,Inactive
O=c1c(O)c(-c2ccc(O)c(O)c2)oc2cc(O)cc(O)c12,0.93724,QUERCETIN,Inactive
CC1=C2C3OC(=O)C(C)C3CCC2(C)C=CC1=O,0.93728,SANTONIN,Inactive
CCOC(=O)[N-]c1c[n+](N2CCOCC2)no1,0.937585,MOLSIDOMINE,Inactive
Cl.Cl.N=C(N)N,0.937835,GUANIDINE HYDROCHLORIDE,Inactive
CN1C(C(=O)Nc2ccccn2)=C(O)c2ccccc2S1(=O)=O,0.937985,PIROXICAM,Inactive
O=c1oc2cc(O)ccc2s1,0.93819,TIOXOLONE,Inactive
CCN(CC)CCOC(=O)C(Cc1cccc2ccccc12)CC1CCCO1.O=C(O)C(=O)O,0.9382,NAFRONYL OXALATE,Inactive
O=C(OOC(=O)c1ccccc1)c1ccccc1,0.93822,BENZOYL PEROXIDE,Inactive
CC(O)CN(CCN(CC(C)O)CC(C)O)CC(C)O,0.93835,EDITOL,Inactive
O=c1[nH]c2ccccc2n1C1CCN(CCCC(c2ccc(F)cc2)c2ccc(F)cc2)CC1,0.9386,PIMOZIDE,Inactive
O=c1oc2ccccc2c(O)c1Cc1c(O)c2ccccc2oc1=O,0.93918,DICUMAROL,Inactive
COc1ccccc1OCC(O)COC(N)=O,0.93923,METHOCARBAMOL,Inactive
Cc1c[nH]c2ccccc12,0.939315,SKATOLE,Inactive
Cl.Cl.Fc1ccc(C(c2ccc(F)cc2)N2CCN(CC=Cc3ccccc3)CC2)cc1,0.93939,FLUNARIZINE HYDROCHLORIDE,Inactive
O=C1c2ccccc2C(=O)C1c1ccccc1,0.9396,PHENINDIONE,Inactive
COc1cc(C2Oc3cc(C4Oc5cc(O)cc(O)c5C(=O)C4O)ccc3OC2CO)ccc1O,0.9397,SILIBININ,Inactive
COc1ccc2cc1Oc1ccc(cc1)CC1c3cc(c(OC)cc3CCN1C)Oc1c(OC)c(OC)cc3c1C(C2)N(C)CC3,0.939705,TETRANDRINE,Inactive
O=C(O)C1CSCN1,0.940135,TIMONACIC,Inactive
CN(C)CCOC(=O)COc1ccc(Cl)cc1.Cl,0.94033,MECLOFENOXATE HYDROCHLORIDE,Inactive
COC1=C(OC)C(=O)C(CC=C(C)CCC=C(C)CCC=C(C)CCC=C(C)CCC=C(C)CCC=C(C)CCC=C(C)CCC=C(C)CCC=C(C)CCC=C(C)C)=C(C)C1=O,0.94053,UBIDECARENONE [5mM],Inactive
COC12CC(COC(=O)c3cncc(Br)c3)CN(C)C1Cc1cn(C)c3cccc2c13,0.940535,NICERGOLINE,Inactive
COc1cc(OC)c(C(C)=O)c(O)c1C,0.94056,METHYLXANTHOXYLIN,Inactive
Cl.NC(CO)C(=O)NNCc1ccc(O)c(O)c1O,0.940835,BENSERAZIDE HYDROCHLORIDE,Inactive
CCCCCN(C)CCC(O)(P(=O)([O-])O)P(=O)(O)O.O.[Na+],0.941185,IBANDRONATE SODIUM,Inactive
COc1cc(OC)c2c(OC)c(-c3ccc4c(c3)OCO4)c(=O)oc2c1,0.941255,DERRUSNIN,Inactive
Br.CN1C2CC(OC(=O)C(CO)c3ccccc3)CC1C1OC12,0.94145,SCOPOLAMINE HYDROBROMIDE,Inactive
O=c1cc(-c2ccccc2)oc2cc(O)c(O)c(O)c12,0.94167,BAICALEIN,Inactive
CC=C(C)C(=O)OC1CC(OC(C)=O)C2(C(=O)OC)COC3C2C12COC(O)(C(=O)OC)C2C(C)(C12OC1(C)C1CC2OC2OC=CC21O)C3O,0.94184,AZADIRACHTIN,Inactive
CC(=O)OCC(=O)C1(O)C(OC(C)=O)CC2C3CCC4=CC(=O)C=CC4(C)C3(F)C(O)CC21C,0.941975,TRIAMCINOLONE DIACETATE,Inactive
CCCCC(=O)OC1(C(=O)CO)C(C)CC2C3CCC4=CC(=O)C=CC4(C)C3(F)C(O)CC21C,0.942055,BETAMETHASONE VALERATE,Inactive
CC(C)C(N)C(=O)OCCOCn1cnc2c(=O)[nH]c(N)nc21.Cl,0.942075,VALACYCLOVIR HYDROCHLORIDE,Inactive
Cc1cc(-c2ccccc2)nnc1NCCN1CCOCC1.Cl.Cl,0.94211,MINAPRINE HYDROCHLORIDE,Inactive
NNC(=O)c1ccncc1.Nc1ccc(C(=O)O)c(O)c1,0.94277,PASINIAZID,Inactive
Nc1nc2ccc(OC(F)(F)F)cc2s1,0.94315,RILUZOLE,Inactive
CN(Cc1cnc2nc(N)nc(N)c2n1)c1ccc(C(=O)NC(CCC(=O)O)C(=O)O)cc1.O,0.94322,METHOTREXATE HYDRATE,Inactive
COc1ccc(-c2cc(=O)c3c(O)c(OC)c(OC)c(OC)c3o2)cc1,0.943275,GARDENIN B,Inactive
COC1C(O)C(C)OC(OC2CCC3(C)C4CCC5(C)C(C6=CC(=O)OC6)CCC5(O)C4CCC3(O)C2)C1O,0.943355,EMICYMARIN,Inactive
CCCC(C(=O)OCCN(CC)CC)(c1ccccc1)c1ccccc1.Cl,0.943395,PROADIFEN HYDROCHLORIDE,Inactive
COc1ccc(C(=O)CCC(=O)O)c2ccccc12,0.94357,MENBUTONE,Inactive
CCCN(CCC)C(=O)C(CCC(=O)O)NC(=O)c1ccccc1,0.944435,PROGLUMIDE,Inactive
COP(=O)(OC)OC(Br)C(Cl)(Cl)Br,0.944515,NALED,Inactive
CCCCCCOc1ccccc1C(N)=O,0.944595,EXALAMIDE,Inactive
CC(C(O)c1ccccc1)N(C)C,0.94476,"N-METHYL (-)EPHEDRINE [1R,2S]",Inactive
O=C(O)c1cc(O)c2cccc(O)c2n1,0.94498,XANTHURENIC ACID,Inactive
O=c1cc(-c2ccccc2)oc2cc(O)ccc12,0.945025,7-HYDROXYFLAVONE,Inactive
CC(=CCC1=C(C)C(=O)c2ccccc2C1=O)CCCC(C)CCCC(C)CCCC(C)C,0.945125,PHYTONADIONE [5mM],Inactive
Nc1nc2nc[nH]c2c(=S)[nH]1,0.945165,THIOGUANINE,Inactive
O=C(C=Cc1ccccc1)c1ccc(OC2OC(CO)C(O)C(O)C2O)cc1O,0.945235,"2',4'-DIHYDROXYCHALCONE 4'-GLUCOSIDE",Inactive
Oc1ccc(OCc2ccccc2)cc1,0.94558,MONOBENZONE,Inactive
CC1(C)CC2C(=O)CCC3OC3(C)CCC21,0.94569,KOBUSONE,Inactive
O=C(O)c1ccccc1,0.946375,BENZOIC ACID,Inactive
CC(=O)c1cc2c(cc1O)OC(C)(C)C=C2,0.94648,EUPATORIOCHROMENE,Inactive
CCC(C(C)O)n1ncn(-c2ccc(N3CCN(c4ccc(OCC5COC(Cn6cncn6)(c6ccc(F)cc6F)C5)cc4)CC3)cc2)c1=O,0.9466,POSACONAZOLE,Inactive
NCC1CCC(N)C(OC2C(N)CC(N)C(OC3OC(CO)C(O)C(N)C3O)C2O)O1,0.94674,DIBEKACIN,Inactive
CC(C)C12OC1C1OC13C1(C)CCC4=C(COC4=O)C1CC1OC13C2O,0.94692,TRIPTOLIDE,Inactive
C=CCNC(N)=S,0.94697,ALLYLTHIOUREA,Inactive
Cc1cc(O)c(C=O)c2c1C(=O)Oc1c(C)c(O)c3c(c1O2)C(O)OC3=O,0.9478,NORSTICTIC ACID,Inactive
CC(=O)N(O)CCCCCNC(=O)CCC(=O)N(O)CCCCCNC(=O)CCC(=O)N(O)CCCCCN.CS(=O)(=O)O,0.94781,DEFEROXAMINE MESYLATE,Inactive
Nc1ccn(C2CSC(CO)O2)c(=O)n1,0.947825,LAMIVUDINE,Inactive
CCCCC(CC)COC(=O)C=Cc1ccc(OC)cc1,0.94793,OCTINOXATE,Inactive
CC(C)C(N)C(=O)O,0.94825,VALINE (L),Inactive
CC(C)(C)N.CCCC(NC(C)C(=O)N1C(C(=O)O)CC2CCCCC21)C(=O)OCC,0.948285,PERINDOPRIL ERBUMINE,Inactive
CCC(C)C1OC2(C=CC1C)CC1CC(CC=C(C)C(OC3CC(OC)C(OC4CC(OC)C(O)C(C)O4)C(C)O3)C(C)C=CC=C3COC4C(OC)C(C)=CC(C(=O)O1)C34O)O2,0.94853,AVERMECTIN A1a,Inactive
CC=C1C2C=C(C)CC1(N)c1ccc(=O)[nH]c1C2,0.948555,HUPERZINE A,Inactive
Clc1ccc(COC(Cn2ccnc2)c2ccc(Cl)cc2Cl)cc1.O=[N+]([O-])O,0.94903,ECONAZOLE NITRATE,Inactive
C=CC1CN2CCC1CC2C(O)c1ccnc2ccc(OC)cc12.O=C(O)C(O)C(O)C(O)C(O)CO,0.94905,QUINIDINE GLUCONATE,Inactive
CNC1CC(N)C(O)C(OC2OC(CO)C3OC4(OC(C(N)CO)C(O)C(O)C4O)OC3C2O)C1O,0.94917,HYGROMYCIN B,Inactive
O=C(O)CN(CCN(CC(=O)O)CC(=O)O)CC(=O)O,0.94918,ETHYLENEDIAMINE TETRACETIC ACID,Inactive
COCCCCC(=NOCCN)c1ccc(C(F)(F)F)cc1.O=C(O)C=CC(=O)O,0.94925,FLUVOXAMINE MALEATE,Inactive
S=C1SCN(Cc2ccccc2)CN1Cc1ccccc1,0.94987,SULBENTINE,Inactive
CCN(CCCCOC(=O)c1ccc(OC)c(OC)c1)C(C)Cc1ccc(OC)cc1.Cl,0.9499,MEBEVERINE HYDROCHLORIDE,Inactive
CCC(=O)OC1CCC2C3CCC4=CC(=O)CCC4(C)C3CCC12C,0.94992,TESTOSTERONE PROPIONATE,Inactive
CCOC(=O)C1=CC(OC(CC)CC)C(NC(C)=O)C(N)C1.O=P(O)(O)O,0.949955,OSELTAMIVIR PHOSPHATE,Inactive
CC(C=CC1=C(C)CCCC1(C)C)=CC=CC(C)=CC(=O)O,0.950155,ISOTRETINON,Inactive
CC(=O)Nc1ccccc1,0.95042,ACETANILIDE,Inactive
CC(=O)Oc1cc(C(C)C)c(OCCN(C)C)cc1C.Cl,0.95057,MOXISYLYTE HYDROCHLORIDE,Inactive
COC(=O)C(=C1OC(=O)C(c2ccccc2)=C1O)c1ccccc1,0.95063,VULPINIC ACID,Inactive
C[N+]1([O-])C2CCC1CC(OC(=O)C(CO)c1ccccc1)C2,0.950665,ATROPINE OXIDE,Inactive
COC(=O)C1(C)CCCC2(C)c3ccc(O)c(C(C)C)c3CCC12,0.95083,"TOTAROL-19-CARBOXYLIC ACID, METHYL ESTER",Inactive
CN(C)CCc1c[nH]c2ccc(CC3COC(=O)N3)cc12,0.95115,ZOLMITRIPTAN,Inactive
CC(O)Cn1cnc2c1c(=O)n(C)c(=O)n2C,0.951165,PROXYPHYLLINE,Inactive
C=CC1CN2CCC1CC2C(O)c1ccnc2ccccc12,0.951225,CINCHONIDINE,Inactive
NC(Cc1cc(I)c(Oc2ccc(O)c(I)c2)c(I)c1)C(=O)[O-].[Na+],0.95125,LIOTHYRONINE (L- isomer) SODIUM,Inactive
S=P(N1CC1)(N1CC1)N1CC1,0.95132,THIOTEPA,Inactive
O=C1C(O)=C(O)C(=O)C(O)=C1O,0.95137,TETROQUINONE,Inactive
Cl.Clc1ccc2nsnc2c1NC1=NCCN1,0.951675,TIZANIDINE HYDROCHLORIDE,Inactive
O=C1CCO1,0.951995,PROPIOLACTONE,Inactive
CC12CCC(=O)C=C1C=CC1C2CCC2(C)C1CCC2(O)CCC(=O)[O-].[K+],0.952495,"CANRENOIC ACID, POTASSIUM SALT",Inactive
O=C(O)C=Cc1ccc(Cn2ccnc2)cc1,0.95254,OZAGREL HYDROCHLORIDE,Inactive
c1ccc(-c2ccc(C(c3ccccc3)n3ccnc3)cc2)cc1,0.952555,BIFONAZOLE,Inactive
COc1cc(C(C)=O)cc(OC)c1O,0.95268,ACETOSYRINGONE,Inactive
CC=C(C(=CC)c1ccc(O)cc1)c1ccc(O)cc1,0.95287,DIENESTROL,Inactive
C=C(C)C1C2OC(=O)C1C1(O)CC3OC34C(=O)OC2C14C,0.95289,PICROTOXININ,Inactive
CCC(=O)OC1C(OC2C(C)C(OC3CC(C)(OC)C(O)C(C)O3)C(C)C(=O)OC(CC)C(C)(O)C(O)C(C)C(=O)C(C)CC2(C)O)OC(C)CC1N(C)C.CCCCCCCCCCCCOS(=O)(=O)O,0.952925,ERYTHROMYCIN ESTOLATE,Inactive
COc1ccc(NS(=O)(=O)c2ccc(N)cc2)nn1,0.953145,SULFAMETHOXYPYRIDAZINE,Inactive
C=CC(C)(O)CCC1C(C)(O)CCC2C(C)(C)CCCC21C,0.9532,SCLAREOL,Inactive
NC(=O)CCC(N)C(=O)O,0.953325,GLUTAMINE (D),Inactive
CC(C)Nc1ncccn1,0.953395,ISAXONINE,Inactive
CNc1ccccc1C(=O)N1CCc2c([nH]c3ccccc23)C1=O,0.95351,RHETSININE,Inactive
CCN(Cc1ccc(Cl)nc1)C(=C[N+](=O)[O-])NC,0.953595,NITENPYRAM,Inactive
C=CCCCCCCCCC(=O)O,0.953645,UNDECYLENIC ACID,Inactive
COc1ccc2c(c1)c(CC(=O)OCC(=O)O)c(C)n2C(=O)c1ccc(Cl)cc1,0.953855,ACEMETACIN,Inactive
CC(=O)N1CCN(c2ccc(OCC3COC(Cn4ccnc4)(c4ccc(Cl)cc4Cl)O3)cc2)CC1,0.954095,KETOCONAZOLE,Inactive
CCOC(=O)c1ccc(O)cc1,0.95418,ETHYL PARABEN,Inactive
O=c1cc(-c2ccccc2)oc2c(O)c(O)ccc12,0.954315,"7,8-DIHYDROXYFLAVONE",Inactive
Cc1ccc(Cl)c(Nc2ccccc2C(=O)[O-])c1Cl.[Na+],0.954475,MECLOFENAMATE SODIUM,Inactive
CCCCOc1cc(C(=O)OCCN(CC)CC)ccc1N.Cl,0.9547,BENOXINATE HYDROCHLORIDE,Inactive
CCN(CC)C(=O)c1cccnc1,0.95479,NIKETHAMIDE,Inactive
CCOP(=S)(OCC)Oc1ccc2c(C)c(Cl)c(=O)oc2c1,0.95502,COUMOPHOS,Inactive
COc1ccc(-c2cc(C(F)F)nn2-c2ccc(S(N)(=O)=O)cc2)cc1F,0.955055,DERACOXIB,Inactive
CC(=O)C12OC1(C)CC1C3CC=C4CC(O)CCC4(C)C3CCC12C,0.955095,16beta-METHYL-16(17)-EPOXY-5-PREGNENOLONE,Inactive
Nc1ccc([As](=O)(O)O)cc1,0.95515,ARSANILIC ACID,Inactive
Cc1oncc1C(=O)Nc1ccc(C(F)(F)F)cc1,0.95521,LEFLUNOMIDE,Inactive
O=c1[nH]c(=O)n(C2CC(O)C(CO)O2)cc1C(F)(F)F,0.95583,TRIFLURIDINE,Inactive
CC12CCC(O)CC1=CCC1C2CCC2(C)C(c3cccnc3)=CCC12,0.95594,ABIRATERONE,Inactive
NC(=O)CC(N)C(=O)O.O,0.956405,ASPARAGINE (L) HYDRATE,Inactive
CC1CCC2(NC1)OC1CC3C4CC=C5CC(O)CCC5(C)C4CCC3(C)C1C2C,0.957265,SOLASODINE,Inactive
CC(N)C(O)c1cccc(O)c1.O=C(O)C(O)C(O)C(=O)O,0.957275,METARAMINOL BITARTRATE,Inactive
CC(=O)Oc1cccc(C)c1,0.95751,meta-CRESYL ACETATE,Inactive
CC(C)=CCc1c(O)cc2oc(C)cc(=O)c2c1O,0.957525,PEUCENIN,Inactive
CS(=O)(=O)O.Oc1ccc(C2CNCCc3c2cc(O)c(O)c3Cl)cc1,0.95754,FENOLDOPAM MESYLATE,Inactive
COC(=O)c1c(C)cc(OC(=O)c2c(C)cc(O)c(CO)c2O)c(C)c1O,0.957625,DIHYDROATRANORIN,Inactive
OCC1OC(OCCc2ccc(O)cc2)C(O)C(O)C1O,0.95771,SALIDROSIDE,Inactive
COc1ccc(C2C(=O)c3ccccc3C2=O)cc1,0.95817,ANISINDIONE,Inactive
O=C1CCC(C(=O)O)N1,0.95818,PIDOLIC ACID,Inactive
CC(=O)OC1CC(OC(C)=O)C2(C)C(CC(=O)C3(C)C2CCC2(C)C(c4ccoc4)OC(=O)C4OC423)C1(C)C,0.958465,7-DEACETOXY-7-OXOKHIVORIN,Inactive
COc1ccc(Cc2nccc3cc(OC)c(OC)cc23)cc1OC.Cl,0.958605,PAPAVERINE HYDROCHLORIDE,Inactive
CC1(O)CCC(C(C)(C)O)CC1.O,0.958775,TERPENE HYDRATE,Inactive
COC(=O)CCc1ccc(OC)cc1O,0.95897,METHYL-2-HYDROXY-PHENYLPROPRIONATE,Inactive
O=C(O)c1cc(O)ccc1O,0.958985,GENTISIC ACID,Inactive
CC(=O)Oc1c(C)cccc1C(=O)O,0.959825,CRESOPIRINE,Inactive
COc1cc(O)c2c(=O)c(O)c(-c3ccc(O)c(O)c3)oc2c1,0.9599,RHAMNETIN,Inactive
Cl.O=C1NCC2(CCN(CCc3ccccc3)CC2)O1,0.96011,FENSPIRIDE HYDROCHLORIDE,Inactive
CCCC(=O)Nc1ncnc2c1ncn2C1OC2COP(=O)([O-])OC2C1OC(=O)CCC.[Na+],0.960325,BUCLADESINE SODIUM,Inactive
CN(C)C(=O)Oc1ccc[n+](C)c1.[Br-],0.96035,PYRIDOSTIGMINE BROMIDE,Inactive
CCC1C=C2C(=O)OC(=O)C2CC2=C(C(=O)OC2=O)C(O)C1CC,0.96038,GLAUCONIC ACID,Inactive
CC(C)=CCCC(C)=CCC1=C(C)C(=O)c2ccccc2C1=O,0.960465,MENAQUINONE-4,Inactive
CN1CCC2(C)c3cc(O)ccc3N(C)C12.O=C(O)C=CC(=O)O,0.96083,ESEROLINE FUMARATE,Inactive
CC12CCC(=O)C=C1CCC1C2C(O)CC2(C)C1CCC2(O)C(=O)COC(=O)CCC(=O)O,0.96093,HYDROCORTISONE HEMISUCCINATE,Inactive
C#CC1(OC(C)=O)CCC2C3CCC4=CC(OC(C)=O)CCC4C3CCC21C,0.96166,ETHYNODIOL DIACETATE,Inactive
COc1ccc(-c2coc3cc(O)cc(OC)c3c2=O)cc1,0.96168,"5,4'-DIMETHOXY-7-HYDROXYISOFLAVONE",Inactive
C=C(C)C1Cc2c(ccc3c(=O)c4c(oc23)COc2cc(OC)c(OC)cc2-4)O1,0.962195,DEHYDROROTENONE,Inactive
COc1cc2c(cc1OC)-c1c(oc3cc4c(cc3c1=O)CCO4)CO2,0.962525,DIHYDRODEHYDROEROSONE,Inactive
CCOC(=O)C(CCc1ccccc1)NC(C)C(=O)N1Cc2ccccc2CC1C(=O)O,0.96255,QUINAPRIL,Inactive
CNCCC(Oc1ccc(C(F)(F)F)cc1)c1ccccc1.Cl,0.96263,FLUOXETINE HYDROCHLORIDE,Inactive
Cn1cc[nH]c1=S,0.962755,METHIMAZOLE,Inactive
CCCc1nn(C)c2c(=O)[nH]c(-c3cc(S(=O)(=O)N4CCN(C)CC4)ccc3OCC)nc12.O=C(O)CC(O)(CC(=O)O)C(=O)O,0.962795,SILDENAFIL CITRATE,Inactive
CCCCCCCCCCCCCCCCC(C(=O)O)C(O)(CC(=O)O)C(=O)O,0.962925,AGARIC ACID,Inactive
CCCCNC(=O)NS(=O)(=O)c1ccc(C)cc1,0.963005,TOLBUTAMIDE,Inactive
Br.Cc1ccc(Sc2ccccc2N2CCNCC2)c(C)c1,0.96302,VORTIOXETINE HYDROBROMIDE,Inactive
O=C(O)C=CC=Cc1ccc2c(c1)OCO2,0.963055,PIPERIC ACID,Inactive
C=C1CCC2C(C)(CO)C(O)CCC2(C)C1CC=C1C(=O)OCC1O,0.96324,ANDROGRAPHOLIDE,Inactive
Cl.N=C(N)NC(=N)N1CCOCC1,0.96344,MOROXYDINE HYDROCHLORIDE,Inactive
CNC(=C[N+](=O)[O-])NCCSCc1csc(CN(C)C)n1,0.96378,NIZATIDINE,Inactive
CC1CCC2(NC1)OC1CC3C4CCC5CC(O)CCC5(C)C4CCC3(C)C1C2C.Cl,0.96381,TOMATIDINE HYDROCHLORIDE,Inactive
COC(=O)c1c(C)cc(O)cc1O,0.963815,METHYL ORSELLINATE,Inactive
NC(N)=O,0.963835,UREA,Inactive
COc1cc2c(cc1O)CC1c3c(cc(O)c(OC)c3-2)CCN1C,0.96387,BOLDINE,Inactive
CC(=O)OC1CC2C(C)(C)C(O)CCC2(C)C2CCC3(C)C(=CC(=O)OC3c3ccoc3)C12C,0.96447,3beta-HYDROXYDEOXODIHYDRODEOXYGEDUNIN,Inactive
Nc1ccc(S(=O)(=O)Nc2ccccn2)cc1,0.964625,SULFAPYRIDINE,Inactive
CC(C)(C)NCC(O)c1cc(O)cc(O)c1.O=S(=O)(O)O,0.964745,TERBUTALINE HEMISULFATE,Inactive
CC(C)NC(=N)NC(=N)Nc1ccc(Cl)cc1.Cl,0.96518,CHLOROGUANIDE HYDROCHLORIDE,Inactive
C1CNCCN1.CC12CCC3c4ccc(OS(=O)(=O)O)cc4CCC3C1CCC2=O,0.9652,ESTROPIPATE,Inactive
O=C(NC(Cc1cc(=O)[nH]c2ccccc12)C(=O)O)c1ccc(Cl)cc1,0.965255,REBAMIPIDE,Inactive
CCCCCC=CCC=CCC=CCC=CCCCC(=O)O,0.965685,ARACHIDONIC ACID,Inactive
CN(C)CCC(c1ccccc1)c1ccccn1.O=C(O)C=CC(=O)O,0.966075,PHENIRAMINE MALEATE,Inactive
CC(C)c1c(C(=O)Nc2ccccc2)c(-c2ccccc2)c(-c2ccc(F)cc2)n1CCC(O)CC(O)CC(=O)[O-].[Ca+2],0.966385,ATORVASTATIN CALCIUM,Inactive
Cl.NCC(N)C(=O)O,0.966515,BETA-AMINOALANINE HYDROCHLORIDE,Inactive
O=C(O)CCCCC(=O)O,0.966525,ADIPIC ACID,Inactive
CC1(C)CC2C1CCC1(C)OC1CCC2(C)O,0.966625,2-HYDROXY-5 (6)EPOXY-TETRAHYDROCARYOPHYLLENE,Inactive
CN1CCC(=C2c3ccccc3Sc3ccccc32)CC1.O=C(O)C=CC(=O)O,0.96668,PIMETHIXENE MALEATE,Inactive
O=[N+]([O-])c1ccc([As](=O)(O)O)cc1,0.966735,NITARSONE,Inactive
CN(C)CCC(c1ccc(Cl)cc1)c1ccccn1.O=C(O)C=CC(=O)O,0.966795,CHLORPHENIRAMINE MALEATE,Inactive
C[N+](C)(C)CCOP(=O)([O-])OP(=O)(O)OCC1OC(n2ccc(N)nc2=O)C(O)C1O,0.96681,CITICOLINE,Inactive
O=c1c(-c2ccc(O)cc2)coc2cc(O)ccc12,0.967005,DAIDZEIN,Inactive
NC(C(=O)O)C(O)c1ccc(O)c(O)c1,0.967015,DROXYDOPA,Inactive
COc1cc(C(=O)O)cc(OC)c1O,0.967225,SYRINGIC ACID,Inactive
CCN(CC)CCc1nc(-c2ccccc2)no1.O=C(O)CC(O)(CC(=O)O)C(=O)O,0.96772,OXOLAMINE CITRATE,Inactive
C[N+]12CCC(CC1)C(OC(=O)C(O)(c1ccccc1)c1ccccc1)C2.[Br-],0.967725,CLIDINIUM BROMIDE,Inactive
CCCCCCCCC(=O)NCc1ccc(O)c(OC)c1,0.96778,NONIVAMIDE,Inactive
CCOC(=O)c1ccc(N)cc1,0.96792,BENZOCAINE,Inactive
COc1ccc(C=CC(=O)O)cc1OC,0.96805,DIMETHYLCAFFEIC ACID,Inactive
NC(=O)c1ncn(C2OC(CO)C(O)C2O)c1O,0.96806,MIZORIBINE,Inactive
COc1ccc2c(C)cc(=O)oc2c1,0.9681,HYMECROMONE METHYL ETHER,Inactive
Cc1c(Cl)cccc1Nc1ccccc1C(=O)O,0.968585,TOLFENAMIC ACID,Inactive
CCC(CCC(C)C1CCC2C3CC=C4CC(O)CCC4(C)C3CCC12C)C(C)C,0.96876,beta-SITOSTEROL,Inactive
O=C1CC(c2ccc(O)cc2)Oc2cc(O)cc(O)c21,0.968895,NARINGENIN,Inactive
Clc1ccc2c(c1)CCc1cccnc1C2=C1CCNCC1,0.969015,DESLORATIDINE,Inactive
Cc1cccc(CN2CCN(C(c3ccccc3)c3ccc(Cl)cc3)CC2)c1.Cl.Cl,0.96903,MECLIZINE HYDROCHLORIDE,Inactive
C=CCC1(O)CCC2C3CCC4=CCCCC4C3CCC21C,0.969485,ALLYLESTRENOL,Inactive
COc1cc(CNC(=O)CCCCC=CC(C)C)ccc1O,0.96985,CAPSAICIN,Inactive
CC1(C(=O)O)CCC2(C)CCC3(C)C(=CC(=O)C4C5(C)CCC(OC6OC(C(=O)O)C(O)C(O)C6OC6OC(C(=O)O)C(O)C(O)C6O)C(C)(C)C5CCC43C)C2C1,0.969955,GLYCYRRHIZIN,Inactive
CC(=O)OCC(=O)C1(OC(C)=O)C(C)CC2C3CC(F)C4=CC(=O)C=CC4(C)C3(F)C(O)CC21C,0.970085,DIFLORASONE DIACETATE,Inactive
C#CCN(C)CCCOc1ccc(Cl)cc1Cl.Cl,0.97023,CLORGILINE HYDROCHLORIDE,Inactive
CC1=CC(=O)C(C(C)C)=CC1=O,0.970255,THYMOQUINONE,Inactive
COC1C(O)C(O)C(O)C(O)C1O,0.97035,QUEBRACHITOL,Inactive
CC(CN(C)C)CN1c2ccccc2Sc2ccccc21.O=C(O)C(O)C(O)C(=O)O,0.970685,TRIMEPRAZINE TARTRATE,Inactive
C=CCCCCCCCCCCCC(O)CC(O)CO,0.97085,AVOCADENE,Inactive
COc1cc(C)c(C(=O)O)c(O)c1,0.9709,EVERNINIC ACID,Inactive
CC1(C)OC(=O)C(OCC2CC2)=C1c1ccc(S(C)(=O)=O)cc1,0.971025,FIROCOXIB,Inactive
CCC(=O)OC1(C(=O)SCF)C(C)CC2C3CC(F)C4=CC(=O)C=CC4(C)C3(F)C(O)CC21C,0.97106,FLUTICASONE PROPIONATE,Inactive
CN1C(CCl)Nc2cc(Cl)c(S(N)(=O)=O)cc2S1(=O)=O,0.971245,METHYCLOTHIAZIDE,Inactive
NCCCS(=O)(=O)O,0.97145,TRAMIPROSATE,Inactive
O=C(CO)C(O)C(O)C(O)CO,0.97153,L(-)-SORBOSE,Inactive
CN1CCOC(c2ccccc2)c2ccccc2C1,0.972115,NEFOPAM,Inactive
CC12CCC3C(CCC4(O)CC(O)CCC34C=O)C1(O)CCC2C1=CC(=O)OC1,0.97213,STROPHANTHIDIN,Inactive
CC(COc1ccc(Oc2ccccc2)cc1)Oc1ccccn1,0.97223,PYRIPROXYFEN,Inactive
Cc1cc2c(cc1S(N)(=O)=O)S(=O)(=O)CCC2,0.97228,METICRANE,Inactive
Cc1cc(NS(=O)(=O)c2ccc(N)cc2)no1,0.972465,SULFAMETHOXAZOLE,Inactive
CCNS(=O)(=O)C(F)(F)C(F)(F)C(F)(F)C(F)(F)C(F)(F)C(F)(F)C(F)(F)C(F)(F)F,0.97249,SULFLURAMID,Inactive
Cl.Cl.OCCN1CCN(CCCN2c3ccccc3Sc3ccc(C(F)(F)F)cc32)CC1,0.972675,FLUPHENAZINE HYDROCHLORIDE,Inactive
CCC1(C2OC(C3OC(O)(CO)C(C)CC3C)CC2C)CCC(C2(C)CCC3(CC(O)C(C)C(C(C)C(OC)C(C)C(=O)[O-])O3)O2)O1.[Na+],0.97272,MONENSIN SODIUM,Inactive
CCCCC(O)c1ccccc1,0.972765,FENIPENTOL,Inactive
CCN(Cc1ccncc1)C(=O)C(CO)c1ccccc1,0.973075,TROPICAMIDE,Inactive
CCCCCC(CC(=O)O)C(=O)O,0.97315,NONIC ACID,Inactive
Cc1ccc(=O)n(-c2ccccc2)c1,0.973255,PIRFENIDONE,Inactive
O=C(NN=Cc1ccc([N+](=O)[O-])o1)c1ccc(O)cc1,0.97335,NIFUROXAZIDE,Inactive
CC(O)(P(=O)([O-])O)P(=O)([O-])O.[Na+].[Na+],0.973365,ETIDRONATE DISODIUM,Inactive
CCC(C)C(=O)OC1CC(C)C=C2C=CC(C)C(CCC3CC(O)CC(=O)O3)C21,0.973405,LOVASTATIN,Inactive
COc1cc(OC)c2c(=O)cc(-c3ccccc3)oc2c1,0.973915,CHRYSIN DIMETHYL ETHER,Inactive
CN1CC(=O)NC1=N,0.973945,CREATININE,Inactive
C=C1CCC2C(CC2(C)C)C(=O)CCC1O,0.973945,ISOKOBUSONE,Inactive
CC(C)(C)NCC(O)COc1nsnc1N1CCOCC1.O=C(O)C=CC(=O)O,0.974,TIMOLOL MALEATE,Inactive
CC(C)C(C)C=CC(C)C1CCC2C3=CC=C4CC(O)CCC4(C)C3CCC21C,0.974075,ERGOSTEROL,Inactive
CC(=O)N=c1sc(S(N)(=O)=O)nn1C,0.97432,METHAZOLAMIDE,Inactive
Cc1cccc(C)c1NC(=O)c1ccccc1C(=O)O,0.974605,FTAXILIDE,Inactive
C=C(C)C1CC=C(C)CC1,0.97469,d-LIMONENE,Inactive
Cl.NCC(=O)c1ccccc1,0.975275,PHENACYLAMINE HYDROCHLORIDE,Inactive
CC(=O)OC1CCC2(C)C3=C(CCC2C1(C)C)C1(C)CCC(C(C)CCC=C(C)C)C1(C)CC3,0.975375,LANOSTEROL ACETATE,Inactive
CNC1(C)C2CCC(C2)C1(C)C.Cl,0.975605,MECAMYLAMINE HYDROCHLORIDE,Inactive
O=c1c(O)c(-c2ccccc2)oc2cccc(O)c12,0.975625,"3,5-DIHYDROXYFLAVONE",Inactive
O=C(O)C1CC(C2CCCCN2)CN2CCCCC12,0.975665,APHYLLIC ACID,Inactive
NCc1cccnc1,0.975775,PICOLAMINE,Inactive
CC(=O)Oc1cccc2c1C(=O)c1c(OC(C)=O)cc(C(=O)O)cc1C2=O,0.975795,DIACERIN,Inactive
O=C(O)C1CCCN1,0.975885,PROLINE (L),Inactive
CN(C)CCN(Cc1cccs1)c1ccccn1.Cl,0.97598,METHAPYRILENE HYDROCHLORIDE,Inactive
CC(CCC(=O)O)C1CCC2C3C(O)CC4CC(O)CCC4(C)C3CCC12C,0.97604,CHENODIOL,Inactive
CC(C)c1c(O)ccc2c1CCC1C(C)(C=O)CCCC21C,0.976055,TOTARALOLAL,Inactive
CCC1(O)C(=O)OCc2c1cc1n(c2=O)Cc2cc3ccccc3nc2-1,0.976205,CAMPTOTHECIN,Inactive
CN(C)Cc1c[nH]c2ccccc12,0.976295,GRAMINE,Inactive
CN(C)CCC=C1c2ccccc2CCc2ccccc21.Cl,0.97636,AMITRIPTYLINE HYDROCHLORIDE,Inactive
C=C1C(=O)OC2C1CCC(C)=CCCC1(C)OC21,0.976425,PARTHENOLIDE,Inactive
CC(NC(C)(C)C)C(=O)c1cccc(Cl)c1.Cl,0.97647,BUPROPION,Inactive
CCOc1ccc(NC(=O)CC(C)O)cc1,0.97647,BUCETIN,Inactive
Cc1cccc(O)c1,0.976545,METACRESOL,Inactive
CC(=O)OC1(C(C)=O)CCC2C3C=C(C)C4=CC(=O)CCC4(C)C3CCC21C,0.976795,MEGESTROL ACETATE,Inactive
COc1cc2c(cc1-c1coc3c4c(ccc3c1=O)OC(C)(C)CC4)OCO2,0.976955,JAMAICIN,Inactive
CC1OC(OC2C=C3CCC4C(CCC5(C)C(c6ccc(=O)oc6)CCC45O)C3(C)CC2)C(O)C(O)C1O,0.97744,PROSCILLARIDIN A,Inactive
CC(=O)OC1CC2CCC1(C)C2(C)C,0.977515,BORNYL ACETATE,Inactive
COCCCOc1cc(CC(CC(N)C(O)CC(C(=O)NCC(C)(C)C(N)=O)C(C)C)C(C)C)ccc1OC.O=C(O)C=CC(=O)O,0.977765,ALISKIREN HEMIFUMARATE,Inactive
FC(F)(F)C(Cl)Br,0.97782,HALOTHANE,Inactive
CC(CC(=O)C1OC1(C)C)C1C(=O)CC2(C)C3=CCC4C(C)(C)C(OC5OCC(O)C(O)C5O)CCC45CC35C(O)CC12C,0.97792,CIMICIFUGOSIDE H1,Inactive
O=C1NS(=O)(=O)c2ccccc21,0.977945,SACCHARIN,Inactive
O=C(O)c1cccnc1Nc1cccc(C(F)(F)F)c1,0.977995,NIFLUMIC ACID,Inactive
CC1(C)OC2CC3C4CCC5=CC(=O)CCC5(C)C4(F)C(O)CC3(C)C2(C(=O)CCl)O1,0.978085,HALCINONIDE,Inactive
CC1C(=O)CCC2C1(C)CCC1C2(C)CCC2(C)C3CC(C)(C)CCC3(C)CCC12C,0.97816,FRIEDELIN,Inactive
CC1=CCc2c(cc3oc(C)cc(=O)c3c2O)OC1,0.97833,PTAEROXYLIN,Inactive
CN1CC(O)C2=CC(=NNC(N)=O)C(=O)C=C21,0.97835,CARBAZOCHROME,Inactive
CC(=O)Oc1ccc(-c2cc(=O)c3c(OC(C)=O)cc(OC(C)=O)cc3o2)cc1,0.97858,APIGENIN TRIACETATE,Inactive
CC(Cc1ccc(O)c(O)c1)C(C)Cc1ccc(O)c(O)c1,0.978675,NORDIHYDROGUARETIC ACID,Inactive
CCCCCCCCCCCCCCCCCCCCCCO,0.978685,DOCOSANOL,Inactive
C#CCCCCCCCCCCCC(O)CC(O)CO.C=CCCCCCCCCCCCC(O)CC(O)CO,0.97879,AVOCATIN B,Inactive
CCCC(CCC)C(=O)[O-].[Na+],0.9788,VALPROATE SODIUM,Inactive
Cl.NCCCC(N)C(=O)O,0.979095,ORNITHINE HYDROCHLORIDE,Inactive
CN1C(=O)CCS(=O)(=O)C1c1ccc(Cl)cc1,0.979115,CHLORMEZANONE,Inactive
CC1(C)C(=O)C2CC3(O)C4=CC(=O)OC(c5ccoc5)C4(C)CCC3C(C)(C2=O)C1CC(=O)O,0.97925,8-HYDROXYCARAPINIC ACID,Inactive
COC(=O)CC1C(C)(C)C(OC(C)=O)C2CC3C4CC(=O)OC(c5ccoc5)C4(C)CCC3C1(C)C2=O,0.979375,DIHYDROFISSINOLIDE,Inactive
O=C1c2cccc(O)c2C(=O)c2c(O)cccc21,0.979395,DANTHRON,Inactive
CCCCOC(=O)C1=CC(=O)CC(C)(C)O1,0.97945,BUTOPYRONOXYL,Inactive
CC(=O)OC(C)C[N+](C)(C)C.[Cl-],0.979515,METHACHOLINE CHLORIDE,Inactive
CCN(CC)CCNC(=O)COc1ccc(OC)cc1.Cl,0.97954,MEFEXAMIDE HYDROCHLORIDE,Inactive
CC12CCC3C(CCC4CC(O)CCC43C)C1CCC2O,0.97957,EPIANDROSTANEDIOL,Inactive
Cc1nccn1CC1CCc2c(c3ccccc3n2C)C1=O.Cl,0.97962,ONDANSETRON HYDROCHLORIDE,Inactive
Cc1ccc(C2OC(CO)C(O)C(O)C2O)cc1Cc1ccc(-c2ccc(F)cc2)s1,0.979825,CANAGLIFLOZIN,Inactive
Clc1ccc(COC(Cn2ccnc2)c2ccc(Cl)cc2Cl)c(Cl)c1.O=[N+]([O-])O,0.9799,MICONAZOLE NITRATE,Inactive
O=C(CNC(=O)c1ccc(Cl)cc1)NO,0.97991,BENURESTAT,Inactive
CCc1cc(C(N)=S)ccn1,0.97992,ETHIONAMIDE,Inactive
Cn1c([N+](=O)[O-])cnc1COC(N)=O,0.98022,RONIDAZOLE,Inactive
O=C(O)C=Cc1ccc(O)c(O)c1,0.98026,CAFFEIC ACID,Inactive
Cl.c1ccc(CC2=NCCN2)cc1,0.98038,TOLAZOLINE HYDROCHLORIDE,Inactive
Cc1occc(=O)c1O,0.980445,LARIXINIC ACID,Inactive
CCN1CCCC(OC(=O)C(c2ccccc2)c2ccccc2)C1.Cl,0.980575,PIPERIDOLATE HYDROCHLORIDE,Inactive
CCN(CC)C(=O)c1cccc(C)c1,0.980575,DIETHYLTOLUAMIDE,Inactive
CC1CCC2C(C)(CO)C(O)CCC2(C)C12CCC(CO)(CCO)O2,0.98064,LAGOCHILIN,Inactive
C=CCN=C=S,0.98068,ALLYLISOTHIOCYANATE,Inactive
Cc1cc2nc3c(=O)[nH]c(=O)nc-3n(CC(O)C(O)C(O)CO)c2cc1C,0.98086,RIBOFLAVIN,Inactive
CC(=O)OC1CC(OC(C)=O)C2(C)C(CC(O)C3(C)C2CCC2(C)C(c4ccoc4)OC(=O)C4OC423)C1(C)C,0.98101,7-DEACETYLKHIVORIN,Inactive
Cc1cc2nc3c(=O)[nH]c(=O)nc-3n(CC(O)C(O)C(O)COP(=O)([O-])O)c2cc1C.[Na+],0.98103,RIBOFLAVIN 5-PHOSPHATE SODIUM,Inactive
O=c1c(O)c(-c2ccc(O)cc2)oc2ccccc12,0.981165,"3,4'-DIHYDROXYFLAVONE",Inactive
CC1(C)C=Cc2c(c3c(c4c(=O)c(-c5ccc(O)c(O)c5)coc24)OC(C)(C)CC3)O1,0.98141,ISOPOMIFERIN,Inactive
Cc1onc(-c2c(Cl)cccc2Cl)c1C(=O)NC1C(=O)N2C1SC(C)(C)C2C(=O)[O-].[Na+],0.98146,DICLOXACILLIN SODIUM,Inactive
O=C(CCBr)N1CCN(C(=O)CCBr)CC1,0.98147,PIPOBROMAN,Inactive
CCC(C)C(=O)OC1CC2(C)C(c3ccoc3)OC(=O)CC23OC2(C)OC34C(OC(=O)C(C)C)C3(O)C(OC(=O)C5(C)OC5C)C5(C)CC3(O)C(C)(C5CC(=O)OC)C14O2,0.98159,ENTANDROPHRAGMIN,Inactive
CC(=O)NC1CCSC1=O,0.98162,CITIOLONE,Inactive
Cl.Cl.O=C(O)COCCN1CCN(C(c2ccccc2)c2ccc(Cl)cc2)CC1,0.981635,CETIRIZINE HYDROCHLORIDE,Inactive
CC(=O)OC1CC(OC(C)=O)C2(C)C(CC(OC(C)=O)C3(C)C2CCC2(C)C(c4ccoc4)C(=O)C4OC423)C1(C)C,0.981665,KHAYANTHONE,Inactive
O=c1cc(-c2cccc(O)c2)oc2ccc(O)cc12,0.98169,"3',6-DIHYDROXYFLAVONE",Inactive
CN1C(C(=O)Nc2ccccn2)=C(O)c2sc(Cl)cc2S1(=O)=O,0.981775,LORNOXICAM,Inactive
COc1cc(O)c2c(c1)C(=O)c1cc(C)cc(O)c1C2=O,0.981775,PHYSCION,Inactive
CC(=O)NC(CCC(N)=O)C(=O)O,0.98207,ACEGLUTAMIDE,Inactive
COc1cc(C=O)ccc1O,0.982205,VANILLIN,Inactive
CC(=O)OC1CCC2(C)C(CCC3C2CC(=O)C2(C)C3CC3OC4(CCC(C)CO4)C(C)C32)C1,0.98233,HECOGENIN ACETATE,Inactive
Cc1cccc(N(C)C(=S)Oc2ccc3ccccc3c2)c1,0.98244,TOLNAFTATE,Inactive
CNCCCN1c2ccccc2CCc2ccccc21.Cl,0.98247,DESIPRAMINE HYDROCHLORIDE,Inactive
NC(Cn1ccc(=O)c(O)c1)C(=O)O,0.98291,MIMOSINE,Inactive
Cl.NCc1ccc(S(N)(=O)=O)cc1,0.98297,MAFENIDE HYDROCHLORIDE,Inactive
CC(=O)c1ccc2c(c1)N(CCCN(C)C)c1ccccc1S2.O=C(O)C=CC(=O)O,0.983055,ACEPROMAZINE MALEATE,Inactive
Cl.Clc1ccccc1CN1CCc2sccc2C1,0.98319,TICLOPIDINE HYDROCHLORIDE,Inactive
CCC1=C(C)CN(C(=O)NCCc2ccc(S(=O)(=O)NC(=O)NC3CCC(C)CC3)cc2)C1=O,0.98322,GLIMEPIRIDE,Inactive
Cl.NCCc1ccccc1,0.983315,PHENETHYLAMINE HYDROCHLORIDE,Inactive
COc1ccc(C=CC(=O)c2ccccc2)cc1,0.983545,4-METHOXYCHALCONE,Inactive
CN(C)CCCOc1nn(Cc2ccccc2)c2ccccc12.Cl,0.98372,BENZYDAMINE HYDROCHLORIDE,Inactive
CC(Cn1cnc2c(N)ncnc21)OCP(=O)(O)O,0.983895,TENOFOVIR,Inactive
COc1cccc(O)c1O,0.983905,3-METHOXYCATECHOL,Inactive
O=C(C=Cc1ccc(O)c(O)c1)C=C(O)C=Cc1ccc(O)c(O)c1,0.9843,DI-O-DEMETHYLCURCUMIN,Inactive
Br.CN(C)CCCC1(c2ccc(F)cc2)OCc2cc(C#N)ccc21,0.984315,CITALOPRAM HYDROBROMIDE,Inactive
NC(=O)CN1CCCC1=O,0.98432,PIRACETAM,Inactive
O=S(=O)([O-])CCS.[Na+],0.984575,MESNA,Inactive
COc1ccc(OC)c(C(O)C(C)N)c1.Cl,0.98496,METHOXAMINE HYDROCHLORIDE,Inactive
Clc1ccc(CSC(Cn2ccnc2)c2ccc(Cl)cc2Cl)cc1.O=[N+]([O-])O,0.985135,SULCONAZOLE NITRATE,Inactive
CN(CC=CC#CC(C)(C)C)Cc1cccc2ccccc12.Cl,0.98515,TERBINAFINE HYDROCHLORIDE,Inactive
Cc1c(O)c(=O)ccn1C,0.98516,DEFERIPRONE,Inactive
C[N+]1(C)CCCC(OC(=O)C(O)(c2ccccc2)c2ccccc2)C1.[Br-],0.98533,MEPENZOLATE BROMIDE,Inactive
Oc1cc(O)c2c(c1)OC(c1cc(O)c(O)c(O)c1)C(O)C2c1c(O)cc(O)c2c1OC(c1cc(O)c(O)c(O)c1)C(O)C2c1c(O)cc(O)c2c1OC(c1cc(O)c(O)c(O)c1)C(O)C2,0.98533,KATACINE,Inactive
CC(C)c1nc(N(C)S(C)(=O)=O)nc(-c2ccc(F)cc2)c1C=CC(O)CC(O)CC(=O)[O-].[Ca+2],0.98546,ROSUVASTATIN CALCIUM,Inactive
CC1(Cn2ccnn2)C(C(=O)O)N2C(=O)CC2S1(=O)=O,0.98549,TAZOBACTAM,Inactive
CC1=C(C(=O)O)N2C(=O)C(NC(=O)C(N)c3ccc(O)cc3)C2SC1,0.98552,CEFADROXIL,Inactive
CC(C=CC=C(C)C=CC1=C(C)CCCC1(C)C)=CC=CC=C(C)C=CC=C(C)C=CC1=C(C)CCCC1(C)C,0.98552,beta-CAROTENE [2mM],Inactive
NC(CC(=O)O)C(=O)O,0.985605,ASPARTIC ACID (L),Inactive
Cl.NC(Cc1ccc(Cl)cc1)C(=O)O,0.98587,FENCLONINE (+/-),Inactive
CCCCN(CCCC)CCCOC(=O)c1ccc(N)cc1.O=S(=O)(O)O,0.985875,BUTACAINE SULFATE,Inactive
C=CCCCCCCCCCCCc1ccco1,0.98594,AVOCADENOFURAN,Inactive
NS(=O)(=O)c1cc(C2(O)NC(=O)c3ccccc32)ccc1Cl,0.98597,CHLORTHALIDONE,Inactive
CN(C)CCOC(c1ccc(Cl)cc1)c1ccccn1.O=C(O)C=CC(=O)O,0.986015,CARBINOXAMINE MALEATE,Inactive
COP(=S)(OC)Oc1ccc(Sc2ccc(OP(=S)(OC)OC)cc2)cc1,0.9861,TEMEFOS,Inactive
COC(=O)C1C2CC3c4[nH]c5cc(OC)ccc5c4CCN3CC2CC(OC(=O)c2cc(OC)c(OC)c(OC)c2)C1OC,0.986195,RESERPINE,Inactive
Cc1ccsc1C=CC1=NCCCN1C.O=C(O)CC(O)(CC(=O)O)C(=O)O,0.986325,MORANTEL CITRATE,Inactive
NC(=O)NC1NC(=O)NC1=O,0.98636,ALLANTOIN,Inactive
COS(=O)(=O)[O-].COc1cc(N)cn[n+]1-c1ccccc1,0.987015,AMEZINIUM METILSULFATE,Inactive
OCC(O)C(O)C(O)CO,0.987015,ADONITOL,Inactive
Oc1cc(O)c2c(c1)OC(c1ccc(O)c(O)c1)C(O)C2,0.987035,CIANIDANOL [+-catechin],Inactive
COc1ccc(-c2cc(=O)c3c(O)cc(OC)c(OC)c3o2)c(OC)c1,0.98705,"5-HYDROXY-2',4',7,8-TETRAMETHOXYFLAVONE",Inactive
O=C(Nc1ccc(Oc2ccc(Cl)cc2)c(Cl)c1)c1cc(I)cc(I)c1O,0.987065,RAFOXANIDE,Inactive
COc1cc2c(cc1OC)C(C)NCC2,0.98728,SALSOLIDINE,Inactive
CC(=O)NCCCCCC(=O)O,0.987425,ACEXAMIC ACID,Inactive
CC12CCC(O)CC1CCC1C2CC(O)C2(C)C(C3=CC(=O)OC3)CCC12O,0.98783,DIGOXIGENIN,Inactive
Cl.OC(CCN1CCCCC1)(c1ccccc1)C1CCCCC1,0.98787,TRIHEXYPHENIDYL HYDROCHLORIDE,Inactive
C=C1CC2C(CCC3(C)C(=O)CCC23)C2(C)C=CC(=O)C=C12,0.98797,EXEMESTANE,Inactive
CC12CCC3C(=CCc4cc(O)ccc43)C1CCC2=O,0.988065,EQUILIN,Inactive
CN1CCN2c3ncccc3Cc3ccccc3C2C1,0.988385,MIRTAZAPINE,Inactive
CCOC(=O)Nc1nc2ccccc2[nH]1,0.98863,LOBENDAZOLE,Inactive
CCOC(=O)Nc1ccc(NCc2ccc(F)cc2)nc1N.O=C(O)C=CC(=O)O,0.988705,FLUPIRTINE MALEATE,Inactive
COc1cc2c(cc1C=O)OCO2,0.98889,"2-METHOXY-4,5-METHYLENEDIOXYBENZALDEHYDE",Inactive
COC(=O)c1c(C)c2c(c(C)c1O)OC(=O)c1c(C)c(Cl)c(O)c(Cl)c1O2,0.98893,LEOIDIN [10mg],Inactive
CC(O)CC(C)(C)O,0.98897,HEXYLENE GLYCOL,Inactive
C[N+](C)(C)CC(O)CC(=O)[O-],0.989425,LEVOCARNITINE,Inactive
COc1cc2c(cc1OC)C1CC(=O)C(CC(C)C)CN1CC2,0.989435,TETRABENAZINE ,Inactive
C=CCc1cc(OC)c2c(c1OC)OCO2,0.98974,APIOLE,Inactive
c1cnc(N2CCN(Cc3ccc4c(c3)OCO4)CC2)nc1,0.989835,PIRIBEDIL HYDROCHLORIDE,Inactive
O=C(O)CN1C(=O)c2cccc3cccc(c23)C1=O,0.98984,ALRESTATIN,Inactive
O=C1OC(C(O)CO)C(O)=C1O,0.989905,ASCORBIC ACID,Inactive
COc1cc2c(cc1OC)CC(=O)N(CCCN(C)CC1Cc3cc(OC)c(OC)cc31)CC2.Cl,0.98993,IVABRADINE HYDROCHLORIDE,Inactive
CCC(N)C(O)c1ccc(O)c(O)c1.Cl,0.989985,ETHYLNOREPINEPHRINE HYDROCHLORIDE,Inactive
COc1ccc2c(c1)OC1COc3cc(OC)c(OC)cc3C1C2=O,0.989985,MUNDOSERONE,Inactive
NC(Cc1ccc(N(CCCl)CCCl)cc1)C(=O)O,0.99013,MELPHALAN,Inactive
O=c1cc(-c2ccccc2O)oc2ccc(O)cc12,0.990205,"6,2'-DIHYDROXYFLAVONE",Inactive
CCOc1ccc2nc(S(N)(=O)=O)sc2c1,0.99039,ETHOXZOLAMIDE,Inactive
Cc1ccc(C(=O)C(C)CN2CCCCC2)cc1.Cl,0.99049,TOLPERISONE HYDROCHLORIDE,Inactive
CN1CC(CNC(=O)OCc2ccccc2)CC2c3cccc4c3c(cn4C)CC21,0.990505,METERGOLINE,Inactive
C#CC1(O)CCC2C3CCC4=CCCCC4C3C(=C)CC21CC,0.990535,DESOGESTREL,Inactive
CS(=O)(=O)[O-].C[n+]1ccccc1C=NO,0.990645,PRALIDOXIME MESYLATE,Inactive
OCC(O)C(O)C(OC1OC(CO)C(O)C(O)C1O)C(O)CO,0.990665,GLUCITOL-4-GLUCOPYANOSIDE,Inactive
COc1ccc(-c2coc3c(OC)c(OC)cc(O)c3c2=O)cc1,0.990685,"ISOTECTORIGENIN, 7-METHYL ETHER",Inactive
CCCOc1ccc2nc(NC(=O)OC)[nH]c2c1,0.99071,OXIBENDAZOLE,Inactive
COc1ccc(C(=O)C=Cc2ccccc2)cc1,0.99071,4'-METHOXYCHALCONE,Inactive
COc1ccc(CN2CCNCC2)c(OC)c1OC.Cl.Cl,0.990975,TRIMETAZIDINE DIHYDROCHLORIDE,Inactive
CCOC(=O)c1cncn1C(C)c1ccccc1,0.99124,ETOMIDATE,Inactive
CC(=O)SCC(Cc1ccccc1)C(=O)NCC(=O)OCc1ccccc1,0.991285,RACECADOTRIL,Inactive
O=C(O)C=CC(=O)O.c1ccc2nc(N3CCNCC3)ccc2c1,0.991405,QUIPAZINE MALEATE,Inactive
CC(C)NCC(O)COc1ccc(CC(N)=O)cc1,0.99177,ATENOLOL,Inactive
Nc1nc(N)c2nc(CNc3ccc(C(=O)NC(CCC(=O)O)C(=O)O)cc3)cnc2n1,0.991855,AMINOPTERIN,Inactive
Cc1ccc(-n2nccn2)c(C(=O)N2CCN(c3nc4cc(Cl)ccc4o3)CCC2C)c1,0.99186,SUVOREXANT,Inactive
Cc1ccc(C(=O)Nc2ccc(S(=O)(=O)[O-])c3cc(S(=O)(=O)[O-])cc(S(=O)(=O)[O-])c23)cc1NC(=O)c1cccc(NC(=O)Nc2cccc(C(=O)Nc3cc(C(=O)Nc4ccc(S(=O)(=O)[O-])c5cc(S(=O)(=O)[O-])cc(S(=O)(=O)[O-])c45)ccc3C)c2)c1.[Na+].[Na+].[Na+].[Na+].[Na+].[Na+],0.99196,SURAMIN HEXASODIUM,Inactive
CC12CCC3c4ccc(OC(=O)N(CCCl)CCCl)cc4CCC3C1CCC2O,0.99211,ESTRAMUSTINE,Inactive
CC(=O)OC1CC(OC(C)=O)C2(C)C(CC(OC(C)=O)C3(C)C4=CC(=O)OC(c5ccoc5)C4(C)CCC32)C1(C)C,0.99213,DEOXYKHIVORIN,Inactive
C[N+]1(CCCCC[N+]2(C)CCCC2)CCCC1.O=C([O-])C(O)C(O)C(=O)O.O=C([O-])C(O)C(O)C(=O)O,0.99223,PENTOLINIUM TARTRATE,Inactive
CC(C)N(CCC(C(N)=O)(c1ccccc1)c1ccccn1)C(C)C.O=P(O)(O)O,0.99233,DISOPYRAMIDE PHOSPHATE,Inactive
CC(C)(CO)C(O)C(=O)NCCC(=O)NCCSSCCNC(=O)CCNC(=O)C(O)C(C)(C)CO,0.992375,PANTETHINE,Inactive
NCCCC(N)CC(=O)NC1CNC(=O)C(C2CC(O)NC(N)=N2)NC(=O)C(=CNC(N)=O)NC(=O)C(CO)NC(=O)C(CO)NC1=O.O=S(=O)(O)O,0.992495,VIOMYCIN SULFATE,Inactive
OCC1OC(Oc2ccc(O)cc2)C(O)C(O)C1O,0.99262,ARBUTIN,Inactive
CCC(COC(=O)c1cc(OC)c(OC)c(OC)c1)(c1ccccc1)N(C)C.O=C(O)C=CC(=O)O,0.992635,TRIMEBUTINE MALEATE,Inactive
NC1CCCCC1N.O=C1O[Pt]OC1=O,0.99271,OXALIPLATIN,Inactive
CC(C)c1c(O)ccc2c1CCC1C(C)(C)CCCC21C,0.99274,TOTAROL,Inactive
CNS(=O)(=O)Cc1ccc2[nH]cc(CCN(C)C)c2c1,0.99276,SUMATRIPTAN,Inactive
CC(C)(Oc1ccc(Cl)cc1)C(=O)O,0.99282,CLOFIBRIC ACID,Inactive
CN1C(C)(C)CCCC1(C)C.O=C(O)C(O)C(O)C(=O)O,0.992885,PEMPIDINE TARTRATE,Inactive
CC(C)c1c(O)ccc2c1CCC1C(C)(C)C(=O)CCC21C,0.99298,TOTAROLONE,Inactive
O.OCC(O)C(O)C(OC1OC(CO)C(O)C(O)C1O)C(O)CO,0.99326,D-LACTITOL MONOHYDRATE,Inactive
COc1cc(C)c(C(=O)O)c(OC(C)=O)c1,0.993395,ACETYL EVERNINIC ACID,Inactive
CC1C(=O)OC2CCN3CC=C(COC(=O)C(C)(O)C1(C)O)C23,0.99342,MONOCROTALINE,Inactive
CC(C=CC1=C(C)CCCC1(C)C)=CC=CC(C)=CCO,0.99346,RETINOL,Inactive
COC(=O)C(N)CS.Cl,0.993565,MECYSTEINE HYDROCHLORIDE,Inactive
O=C(O)C1(O)CC(O)C(O)C(O)C1,0.993615,QUINIC ACID,Inactive
Nc1ccc(S(=O)(=O)[N-]c2cnc3ccccc3n2)cc1.[Na+],0.99383,SULFAQUINOXALINE SODIUM,Inactive
NC(Cc1cc(I)c(Oc2cc(I)c(O)c(I)c2)c(I)c1)C(=O)[O-].[Na+],0.99399,LEVOTHYROXINE SODIUM,Inactive
O=c1cc(-c2cc(O)c(O)c(O)c2)oc2cc(O)cc(O)c12,0.994085,HIERACIN,Inactive
N#C[Fe-2](C#N)(C#N)(C#N)(C#N)N=O.O.O.[Na+].[Na+],0.99412,SODIUM NITROPRUSSIDE DIHYDRATE,Inactive
NC(=O)C1CCCN1C(=O)C(Cc1c[nH]cn1)NC(=O)C1CCC(=O)N1,0.99485,PROTIRELIN,Inactive
CC(=O)Nc1ccc(OC(=O)c2ccccc2O)cc1,0.99496,ACETAMINOSALOL,Inactive
COc1ccc(CC2c3cc(OC)c(OC)cc3CC[N+]2(C)CCC(=O)OCCCCCOC(=O)CC[N+]2(C)CCc3cc(OC)c(OC)cc3C2Cc2ccc(OC)c(OC)c2)cc1OC.O=S(=O)([O-])c1ccccc1.O=S(=O)([O-])c1ccccc1,0.995235,ATRACURIUM BESYLATE,Inactive
O=c1cc(-c2ccccc2)oc2ccccc12,0.99527,FLAVONE,Inactive
CC(=O)OC1CC(OC2C(O)CC(OC3C(O)CC(OC4CCC5(C)C(CCC6C5CC(O)C5(C)C(C7=CC(=O)OC7)CCC65O)C4)OC3C)OC2C)OC(C)C1OC1OC(CO)C(O)C(O)C1O,0.995325,LANATOSIDE C,Inactive
COC(=O)C(Cc1ccccc1)NC(=O)C(N)CC(=O)O,0.99536,ASPARTAME,Inactive
COc1cc2c3cc1Oc1cc(ccc1O)CC1c4c(cc(OC)c(O)c4Oc4ccc(cc4)CC3N(C)CC2)CC[N+]1(C)C.Cl.O.O.O.O.O.[Cl-],0.99537,TUBOCURARINE CHLORIDE PENTAHYDRATE,Inactive
CCC1(C)CC(=O)NC1=O,0.995465,ETHOSUXIMIDE,Inactive
Cc1cnc(C(=O)O)c[n+]1[O-],0.995565,ACIPIMOX,Inactive
Cc1cc(C=Cc2ccc3cc(N(C)C)ccc3[n+]2C)c(C)n1-c1ccccc1.O=C([O-])c1cc2ccccc2c(Cc2c(O)c(C(=O)O)cc3ccccc23)c1O,0.99576,PYRVINIUM PAMOATE,Inactive
CCCCCCCCCc1ccc(OCCOCCOCCOCCOCCOCCOCCOCCOCCO)cc1,0.99581,NONOXYNOL-9,Inactive
CC(=O)OCC1=C(C(=O)[O-])N2C(=O)C(NC(=O)CCCC(N)C(=O)[O-])C2SC1.[Zn+2],0.9959,CEPHALOSPORIN C Zn,Inactive
O=c1c2cc(O)c(O)cc2oc2cc(O)c(C3OC(CO)C(O)C(O)C3O)c(O)c12,0.995925,MANGIFERIN,Inactive
O=c1c(O)c(-c2ccccc2)oc2cc(O)cc(O)c12,0.996045,GALANGIN,Inactive
COc1cc2c(cc1OC)C1C(=O)c3ccc4c(c3OC1CO2)CC(C(C)C)O4,0.996105,DIHYDROROTENONE,Inactive
CCN(CC)CCNC(=O)c1ccc(NC(C)=O)cc1.Cl,0.996235,ACECAINIDE HYDROCHLORIDE,Inactive
Nc1nc(=O)c2nc(CNc3ccc(C(=O)NC(CCC(=O)O)C(=O)O)cc3)cnc2[nH]1,0.996315,FOLIC ACID,Inactive
CCOC(=O)c1c(C)cc(O)cc1O,0.996745,ETHYL ORSELLINATE,Inactive
CCC(C)C1OC2(C=CC1C)CC1CC(CC=C(C)C(OC3CC(OC)C(OC4CC(OC)C(NC(C)=O)C(C)O4)C(C)O3)C(C)C=CC=C3COC4C(O)C(C)=CC(C(=O)O1)C34O)O2,0.997045,EPRINOMECTIN,Inactive
C[N+](C)(C)CC(=O)[O-].Cl,0.997045,BETAINE HYDROCHLORIDE,Inactive
CC(C)c1c(CN(C)C(C)Cc2ccccc2)n(C)n(-c2ccccc2)c1=O,0.99769,FAMPROFAZONE,Inactive
COc1c(-c2ccccc2)oc2cc(O)cc(O)c2c1=O,0.997715,GALANGIN 3-O-METHYL ETHER,Inactive
CC(=O)OC1CC2C(C)(C)C(O)CCC2(C)C2CCC3(C)C(c4ccoc4)OC(=O)C4OC43C12C,0.99785,GEDUNOL,Inactive
NC(=O)c1cn(Cc2c(F)cccc2F)nn1,0.997875,RUFINAMIDE,Inactive
OC(Cn1cncn1)(Cn1cncn1)c1ccc(F)cc1F,0.99794,FLUCONAZOLE,Inactive
Cl.c1cncc(C2CCCCN2)c1,0.998065,ANABASINE HYDROCHLORIDE,Inactive
CC(C)OC(=O)C(C)(C)Oc1ccc(C(=O)c2ccc(Cl)cc2)cc1,0.998585,FENOFIBRATE,Inactive
CC(C)c1ccc2c(c1O)CCC1C3=C(CCC21C)C(=O)OC3,0.998775,TRIPTOPHENOLIDE,Inactive
Clc1ccc(CON=C(Cn2ccnc2)c2ccc(Cl)cc2Cl)c(Cl)c1.O=[N+]([O-])O,0.9988,OXICONAZOLE NITRATE,Inactive
Cl.Cl.NCCCCN,0.99885,PUTRESCINE DIHYDROCHLORIDE,Inactive
CC12CC3CC(C)(C1)CC(N)(C3)C2.Cl,0.99904,MEMANTINE HYDROCHLORIDE,Inactive
CCC1(C)OC(=O)N(C)C1=O,0.999155,PARAMETHADIONE,Inactive
Cc1ncc([N+](=O)[O-])n1CC(C)O,0.99919,SECNIDAZOLE,Inactive
O=C([O-])CCNC(=O)c1ccc(N=Nc2ccc(O)c(C(=O)[O-])c2)cc1.[Na+].[Na+],0.99921,BALSALAZIDE DISODIUM,Inactive
CCCc1nc(C)c2c(=O)[nH]c(-c3cc(S(=O)(=O)N4CCN(CC)CC4)ccc3OCC)nn12.Cl,0.999255,VARDENAFIL HYDROCHLORIDE,Inactive
O=C(O)c1ccccc1O,0.999285,SALICYLIC ACID,Inactive
Cl[Pt]Cl.N.N,0.99967,CISPLATIN,Inactive
NC(C(=O)O)C(O)C(O)C(O)CO,0.999795,GLUCOSAMINIC ACID,Inactive
c1ccc2[nH]c(-c3cscn3)nc2c1,0.999975,THIABENDAZOLE,Inactive
CC1(C)C=Cc2c(c3c(c4c(=O)c(-c5ccc(O)cc5)coc24)OC(C)(C)CC3)O1,1.00002,ISOOSAJIN,Inactive
CCCOc1cc(N)ccc1C(=O)OCCN(CC)CC.Cl,1.00006,PROPOXYCAINE HYDROCHLORIDE,Inactive
CC1Cc2ccccc2N1NC(=O)c1ccc(Cl)c(S(N)(=O)=O)c1,1.00008,INDAPAMIDE,Inactive
CC1=NCCc2c1[nH]c1cc(O)ccc21.Cl.O.O,1.00009,HARMALOL HYDROCHLORIDE DIHYDRATE,Inactive
CCC(=O)OCC(=O)C1(OC(=O)CC)C(C)CC2C3CCC4=CC(=O)C=CC4(C)C3(Cl)C(O)CC21C,1.000325,BECLOMETHASONE DIPROPIONATE,Inactive
Cl.NC(Cc1ccccc1)C(=O)O,1.000325,D-PHENYLALANINE,Inactive
CCCCCCCCCCCCCCCCOP(=O)([O-])OCC[N+](C)(C)C,1.000495,MILTEFOSINE [5mM],Inactive
COc1cc(C)c2c(=O)c(-c3ccccc3)coc2c1,1.00056,METHOXYVONE,Inactive
C=CCSCC=C,1.000635,DIALLYL SULFIDE,Inactive
CN1CCCN=C1COC(=O)C(O)(c1ccccc1)C1CCCCC1.Cl,1.000685,OXYPHENCYCLIMINE HYDROCHLORIDE,Inactive
O=C(O)CN(CCN(CC(=O)O)CC(=O)O)CC(=O)O.[Na+].[Na+],1.001195,EDETATE DISODIUM,Inactive
Cl.Cl.OCCOCCN1CCN(C(c2ccccc2)c2ccc(Cl)cc2)CC1,1.001455,HYDROXYZINE HYDROCHLORIDE,Inactive
Nc1cc(-c2ccncc2)c[nH]c1=O,1.002,INAMRINONE,Inactive
CC1(C)C(O)CC(O)C2(C)C1CC(=O)C1(C)C2CCC2(C)C(c3ccoc3)OC(=O)C3OC321,1.00205,"1,3-DIDEACETYL-7-DEACETOXY-7-OXOKHIVORIN",Inactive
CCC1(O)C(=O)OCc2c1cc1n(c2=O)Cc2cc3cc(O)ccc3nc2-1,1.00212,10-HYDROXYCAMPTOTHECIN,Inactive
CC(CCC(=O)[O-])C1CCC2C3C(=O)CC4CC(=O)CCC4(C)C3CC(=O)C12C.[Na+],1.0022,DEHYDROCHOLATE SODIUM,Inactive
CCNC1CN(CCCOC)S(=O)(=O)c2sc(S(N)(=O)=O)cc21,1.002335,BRINZOLAMIDE,Inactive
CC1OC(n2cc(F)c(=O)[nH]c2=O)C(O)C1O,1.002395,DOXIFLURIDINE,Inactive
O=C1CCCC2C3CCC[N+]4([O-])CCCC(CN12)C34,1.002445,OXYMATRINE,Inactive
O=C(O)CCCCC1SCC2NC(=O)NC21,1.00255,BIOTIN,Inactive
O=c1cc(-c2ccccc2)oc2ccc(O)cc12,1.00267,6-HYDROXYFLAVONE,Inactive
CC(=O)Nc1cc([As](=O)(O)O)ccc1O,1.002745,ACETARSOL,Inactive
Oc1ccc(Cl)cc1,1.00285,PARACHLOROPHENOL,Inactive
CSc1ccc2c(c1)N(CCC1CCCCN1C)c1ccccc1S2.Cl,1.00291,THIORIDAZINE HYDROCHLORIDE,Inactive
CCN(CC)C(=O)C1(c2ccccc2)CC1CN.Cl,1.00314,LEVOMILNACIPRAN HYDROCHLORIDE,Inactive
CC(C)=CCCC(C)CC=O,1.00314,CITRONELLAL (R+),Inactive
CN(C)CCN(Cc1ccc(Cl)cc1)c1ccccn1.Cl,1.003265,CHLOROPYRAMINE HYDROCHLORIDE,Inactive
NC(N)=Nc1nc(CSCCC(N)=NS(N)(=O)=O)cs1,1.00365,FAMOTIDINE,Inactive
Cc1cccc(C)c1NC1=NCCCS1,1.0038,XYLAZINE,Inactive
N=C(N)NCCN1CCCCCCC1.O=S(=O)(O)O,1.00402,GUANETHIDINE MONOSULFATE,Inactive
CN1C(=O)CCC1c1cccnc1,1.00425,COTININE,Inactive
COc1cc2c(cc1-c1cc3cc4ccoc4cc3oc1=O)OCO2,1.00435,PACHYRRHIZIN,Inactive
CNC(CC(C)C)C(=O)NC1C(=O)NC(CC(N)=O)C(=O)NC2C(=O)NC3C(=O)NC(C(=O)NC(C(=O)O)c4cc(O)cc(O)c4-c4cc3ccc4O)C(O)c3ccc(c(Cl)c3)Oc3cc2cc(c3OC2OC(CO)C(O)C(O)C2OC2CC(C)(N)C(O)C(C)O2)Oc2ccc(cc2Cl)C1O.Cl,1.00463,VANCOMYCIN HYDROCHLORIDE,Inactive
CC1CC(OC(=O)c2ccccc2O)CC(C)(C)C1,1.00465,HOMOSALATE,Inactive
COc1ccc(CN2CCN(C(c3ccc(F)cc3)c3ccc(F)cc3)CC2)c(OC)c1OC.Cl,1.004675,LOMERIZINE HYDROCHLORIDE,Inactive
COc1cc(-c2coc3cc(O)c(OC)c(O)c3c2=O)cc(O)c1OC,1.004685,IRIGENIN,Inactive
COC(=O)C1C(O)CCC2CN3CCc4c([nH]c5ccccc45)C3CC21,1.0049,CORYNANTHINE,Inactive
COc1ccc(O)cc1,1.004905,MEQUINOL,Inactive
CC(C)COCC(CN(Cc1ccccc1)c1ccccc1)N1CCCC1.Cl,1.00505,BEPRIDIL HYDROCHLORIDE,Inactive
CN1CCCC1CCOC(C)(c1ccccc1)c1ccc(Cl)cc1.O=C(O)C=CC(=O)O,1.00506,CLEMASTINE FUMARATE,Inactive
CC1OC(OC2C(Oc3cc(O)c4c(c3)OC(c3ccc(O)cc3)CC4=O)OC(CO)C(O)C2O)C(O)C(O)C1O,1.005125,NARINGIN,Inactive
CC(CN(C)C)CN1c2ccccc2CCc2ccccc21.O=C(O)C=CC(=O)O,1.005145,TRIMIPRAMINE MALEATE,Inactive
COC(=O)CCC(C)C1CCC2C3CCC4CC(O)CCC4(C)C3CC(O)C12C,1.00515,METHYL DEOXYCHOLATE,Inactive
CC(=O)N(CC(O)CO)c1c(I)c(C(=O)NCCO)c(I)c(C(=O)NCC(O)CO)c1I,1.00518,IOXILAN,Inactive
Cc1cc(-n2c(=O)[nH]c(=O)n(C)c2=O)ccc1Oc1ccc(SC(F)(F)F)cc1,1.005345,TOLTRAZURIL,Inactive
COc1cccc(C=O)c1OC,1.00551,o-VERATRALDEHYDE,Inactive
COc1ccc(C2CC(=O)c3c(O)cc(OC4OC(COC5OC(C)C(O)C(O)C5O)C(O)C(O)C4O)cc3O2)cc1O,1.005545,HESPERIDIN,Inactive
CCC(=O)OC(OP(=O)(CCCCc1ccccc1)CC(=O)N1CC(C2CCCCC2)CC1C(=O)[O-])C(C)C.[Na+],1.0056,FOSINOPRIL SODIUM,Inactive
COC1CC2CCC(C)C(O)(O2)C(=O)C(=O)N2CCCCC2C(=O)OC(C(C)CC2CCC(O)C(OC)C2)CC(=O)C(C)C=C(C)C(O)C(OC)C(=O)C(C)CC(C)C=CC=CC=C1C,1.005645,SIROLIMUS,Inactive
CC(C)NCC(O)COc1cccc2ccccc12.Cl,1.005685,DEXPROPRANOLOL HYDROCHLORIDE [R(+)],Inactive
COC(=O)c1ccc(O)cc1,1.005715,METHYL PARABEN,Inactive
O=c1cc(-c2ccc(O)cc2)oc2ccc(O)cc12,1.005725,"6,4'-DIHYDROXYFLAVONE",Inactive
CN(C(=O)C(Cl)Cl)c1ccc(OC(=O)c2ccco2)cc1,1.00583,DILOXANIDE FUROATE,Inactive
NCCCN.O=C(O)C(O)C(O)C(=O)O,1.00589,CADAVERINE TARTRATE,Inactive
CC(C)(C#N)c1cc(Cn2cncn2)cc(C(C)(C)C#N)c1,1.0059,ANASTROZOLE,Inactive
Cc1cccc(Nc2ccccc2C(=O)O)c1C,1.006135,MEFENAMIC ACID,Inactive
CCCCOC(=O)c1ccc(N)cc1,1.00648,BUTAMBEN,Inactive
Br.CC(Cc1ccc(O)cc1)NCC(O)c1cc(O)cc(O)c1,1.00655,FENOTEROL HYDROBROMIDE,Inactive
Cl.NC(CS)C(=O)O,1.00666,CYSTEINE HYDROCHLORIDE,Inactive
CCCCCCCCCCCCC(C(=O)O)C(C)C(=O)O,1.006735,ROCCELLIC ACID,Inactive
CC1CCC2(C(=O)O)CCC3(C)C(=CCC4C5(C)CCC(O)C(C)(C)C5CCC43C)C2C1C,1.006825,URSOLIC ACID,Inactive
CC12CCC(CC1=O)C2(C)C,1.006835,CAMPHOR,Inactive
Cc1c(C(N)=O)cc([N+](=O)[O-])cc1[N+](=O)[O-],1.006885,DINITOLMIDE,Inactive
CC(C(=O)O)c1cccc(C(=O)c2ccccc2)c1,1.007,KETOPROFEN,Inactive
Cl.Nc1ccc(N=Nc2ccccc2)c(N)n1,1.00749,PHENAZOPYRIDINE HYDROCHLORIDE,Inactive
COP(=O)(OC)OC=C(Cl)Cl,1.00751,DICHLORVOS,Inactive
COC(=O)NC(=S)Nc1ccccc1NC(=S)NC(=O)OC,1.007535,THIOPHANATE METHYL,Inactive
Cc1c(Cl)cccc1Nc1ncccc1C(=O)O,1.00755,CLONIXIN,Inactive
O=C1CCc2ccc(OCCCCN3CCN(c4cccc(Cl)c4Cl)CC3)cc2N1,1.007565,ARIPIPRAZOLE,Inactive
Cc1c(OCC(F)(F)F)ccnc1CS(=O)c1nc2ccccc2[nH]1,1.00764,DEXLANSOPRAZOLE,Inactive
Cc1ccccc1C(OCCN(C)C)c1ccccc1.O=C(O)CC(O)(CC(=O)O)C(=O)O,1.007645,ORPHENADRINE CITRATE,Inactive
CC(C)=CCCC1(C)C=Cc2c(O)c3c(c(CC=C(C)C)c2O1)OC12C(=CC4CC1C(C)(C)OC2(CC=C(C)C(=O)O)C4=O)C3=O,1.007695,GAMBOGIC ACID,Inactive
O=c1ccn(C2OC(CO)C(O)C2O)c(=O)[nH]1,1.0077,URIDINE,Inactive
CC(=O)OCC(=O)C1(O)CCC2C3CCC4=CC(=O)CCC4(C)C3C(O)CC21C,1.007815,HYDROCORTISONE ACETATE,Inactive
O=C(CCNNC(=O)c1ccncc1)NCc1ccccc1,1.00784,NIALAMIDE,Inactive
O=C(O)CCCc1ccc(N(CCCl)CCCl)cc1,1.007935,CHLORAMBUCIL,Inactive
NCCc1c[nH]c2ccccc12,1.008055,TRYPTAMINE,Inactive
NC1C(OC2C(C(=O)[O-])OC(COC3C(CO)OC(O)C(O)C3O)C(OS(=O)(=O)[O-])C2O)OC(COS(=O)(=O)[O-])C(O)C1O,1.0081,HEPARIN SODIUM,Inactive
Cc1cn[nH]c1.Cl,1.00834,FOMEPIZOLE HYDROCHLORIDE,Inactive
COc1cc2c(c(OC)c1OC)-c1ccc(OC)c(=O)cc1C(NC(C)=O)CC2,1.008575,COLCHICINE,Inactive
O=C(Nc1ccc(C(=O)O)c(O)c1)c1ccccc1,1.00892,BENZOYLPAS,Inactive
CC(=O)OC1CCC2(C)C(CCC3C2CCC2(C)C(C4=CC(=O)OC4)C(OC(C)=O)CC32O)C1,1.00904,GITOXIGENIN DIACETATE,Inactive
NS(=O)(=O)c1cc2c(cc1Cl)N=CNS2(=O)=O,1.009085,CHLOROTHIAZIDE,Inactive
O=C(NC1CCCCC1)NC1CCCCC1,1.00914,DICYCLOHEXYLUREA,Inactive
CN(C)C(=O)C(CCN1CCC(O)(c2ccc(Cl)cc2)CC1)(c1ccccc1)c1ccccc1.Cl,1.00925,LOPERAMIDE HYDROCHLORIDE,Inactive
O=C(O)c1cccc(O)c1O,1.00937,PYROCATECHUIC ACID,Inactive
NCC(=O)NCC(=O)O,1.009445,GLYCYLGLYCINE,Inactive
CC(=O)CC1CCCCN1.Cl,1.00966,PELLETIERINE HYDROCHLORIDE,Inactive
Nc1ccc(C(=O)[O-])cc1.[K+],1.009945,POTASSIUM p-AMINOBENZOATE,Inactive
CCN(CC)CCOC(=O)C(O)(c1ccccc1)c1ccccc1.Cl,1.0101,BENACTYZINE HYDROCHLORIDE,Inactive
C1N2CN3CN1CN(C2)C3,1.010235,METHENAMINE,Inactive
[O-][n+]1cccc(CO)c1,1.010235,MEPIROXOL,Inactive
CC[N+](CC)(CC(=O)Nc1c(C)cccc1C)Cc1ccccc1.O=C([O-])c1ccccc1,1.01026,DENATONIUM BENZOATE,Inactive
CC(=O)OC1C(=O)C2(C)C(O)CC3OCC3(OC(C)=O)C2C(OC(=O)c2ccccc2)C2(O)CC(O)C(C)=C1C2(C)C,1.01032,BACCATIN III,Inactive
CC12C=CC(=O)C=C1CCC1C2CCC2(C)C(=O)CCC12,1.010385,"ANDROSTA-1,4-DIEN-3,17-DIONE",Inactive
CCCNC(=O)NS(=O)(=O)c1ccc(Cl)cc1,1.010525,CHLORPROPAMIDE,Inactive
Nc1nc(=O)c2c([nH]1)NCC(CNc1ccc(C(=O)NC(CCC(=O)O)C(=O)O)cc1)=N2,1.01086,DIHYDROFOLIC ACID,Inactive
O=C1CCC(C(=O)N2CSCC2C(=O)O)N1,1.01096,PIDOTIMOD,Inactive
COc1c2c(cc3c1OCO3)CC[N+](C)=C2.[Cl-],1.01105,COTARNINE CHLORIDE,Inactive
Cl.NNCc1ccccc1,1.01132,BENZYLHYDRAZINE HYDROCHLORIDE,Inactive
C=CCSSCC=C,1.0115,GARLICIN,Inactive
O=C(OC1CN2CCC1CC2)c1ccccc1,1.011515,BENZOCLIDINE,Inactive
Cn1c(=O)c2[nH]cnc2n(C)c1=O.NCCN,1.01153,AMINOPHYLLINE,Inactive
C=CC1=C(C(=O)O)N2C(=O)C(NC(=O)C(=NOCC(=O)O)c3csc(N)n3)C2SC1,1.0116,CEFIXIME,Inactive
Cn1cnc2c1c(=O)[nH]c(=O)n2C,1.0116,THEOBROMINE,Inactive
COCCOC(=O)C1=C(C)NC(C)=C(C(=O)OCC=Cc2ccccc2)C1c1cccc([N+](=O)[O-])c1,1.01175,CILNIDIPINE,Inactive
OCc1ccccn1,1.0118,PICONOL,Inactive
O=C(O)c1cc(=O)[nH]c(=O)[nH]1,1.01182,OROTIC ACID,Inactive
Cc1c(N(C)CS(=O)(=O)[O-])c(=O)n(-c2ccccc2)n1C.[Na+],1.01191,DIPYRONE,Inactive
O=C(O)c1cc(O)c2c(c1)C(C1c3cc(C(=O)O)cc(O)c3C(=O)c3c(OC4OC(CO)C(O)C(O)C4O)cccc31)c1cccc(OC3OC(CO)C(O)C(O)C3O)c1C2=O,1.011915,SENNOSIDE A,Inactive
CC(=O)OCC(COC(C)=O)OC(C)=O,1.01194,TRIACETIN,Inactive
OCC(O)CO,1.012,GLYCERIN,Inactive
Cl.NNc1nncc2ccccc12,1.012275,HYDRALAZINE HYDROCHLORIDE,Inactive
CCN(CC)CCNC(=O)c1ccc(N)cc1.Cl,1.01248,PROCAINAMIDE HYDROCHLORIDE,Inactive
COc1ccc(C(=O)c2ccc(C)cc2)c(O)c1,1.012485,MEXENEONE,Inactive
COc1ccc(-c2cc(=O)c3c(O)cc(O)c(-c4cc(-c5cc(=O)c6c(O)cc(O)cc6o5)ccc4OC)c3o2)cc1,1.01255,ISOGINKGETIN,Inactive
CN1CCc2nc(C(=O)NC3CC(C(=O)N(C)C)CCC3NC(=O)C(=O)Nc3ccc(Cl)cn3)sc2C1.Cc1ccc(S(=O)(=O)O)cc1.O,1.012635,EDOXABAN TOSYLATE HYDRATE,Inactive
CC(=O)OCC(=O)C1CCC2C3CCC4=CC(=O)CCC4(C)C3CCC12C,1.012685,DESOXYCORTICOSTERONE ACETATE,Inactive
CC1=C2C(O)C(=O)OC3CC4C(C)(C)C(=O)C=CC4(C)C(CC1)C23C,1.0127,MEROGEDUNIN,Inactive
NS(=O)(=O)c1cc2c(cc1Cl)NC(C(Cl)Cl)NS2(=O)=O,1.012765,TRICHLORMETHIAZIDE,Inactive
CC(=O)Nc1ccc(S(=O)(=O)Nc2ccc([N+](=O)[O-])cc2)cc1,1.012765,SULFANITRAN,Inactive
CC(C)NNC(=O)c1ccncc1.O=P(O)(O)O,1.012775,IPRONIAZID PHOSPHATE,Inactive
CCC12C=CCN3CCC4(c5ccc(OC)cc5N(C)C4C(O)(C(=O)OC)C1OC(C)=O)C32,1.01282,VINDOLINE,Inactive
CC1(C)CCC2=C(O1)C(=O)c1ccccc1C2=O,1.01302,alpha-LAPACHONE,Inactive
CC1=NN(c2ccc(C)c(C)c2)C(=O)C1=NNc1cccc(-c2cccc(C(=O)O)c2)c1O,1.013055,ELTROMBOPAG,Inactive
C#CCN(C)C(C)Cc1ccccc1.Cl,1.01312,SELEGILINE HYDROCHLORIDE,Inactive
COc1cccc(OC)c1C(=O)NC1C(=O)N2C1SC(C)(C)C2C(=O)[O-].[Na+],1.01322,METHICILLIN SODIUM,Inactive
O=[N+]([O-])OC1COC2C(O[N+](=O)[O-])COC12,1.01323,ISOSORBIDE DINITRATE,Inactive
CN1CCc2cc3c(cc2C1O)OCO3.Cl,1.013545,HYDRASTININE HYDROCHLORIDE,Inactive
CC(C)=CCc1c2c(c3occ(-c4ccc(O)c(O)c4)c(=O)c3c1O)C=CC(C)(C)O2,1.01386,POMIFERIN,Inactive
CC1OC(OC2C(CO)OC(OC3C(CO)OC(O)C(O)C3O)C(O)C2O)C(O)C(O)C1NC1C=C(CO)C(O)C(O)C1O,1.0139,ACARBOSE,Inactive
CCCCc1nc(Cl)c(CO)n1Cc1ccc(-c2ccccc2-c2nnn[nH]2)cc1,1.01395,LOSARTAN,Inactive
CC12CCC3c4ccc(O)cc4CCC3C1CCC2O,1.014045,ESTRADIOL,Inactive
CCOC(=O)c1c(C)c(Cl)c(O)c(Cl)c1O,1.014255,ETHYL DICHLOROORSELLINATE,Inactive
OC1OC(c2ccc(Cl)c(Cc3ccc(OC4CCOC4)cc3)c2)C(O)C(O)C1O,1.0144,EMPAGLIFLOZIN,Inactive
COC(=O)C1=COC(C)C2CN3CCC4(C(=O)Nc5ccccc54)C3CC12,1.0145,MITRAPHYLLINE,Inactive
O.OCC1OC(OC2C(CO)OC(O)C(O)C2O)C(O)C(O)C1O,1.014535,LACTOSE MONOHYDRATE,Inactive
CC12CCC(=O)C=C1CCC1C2CCC2(C)C(O)CCC12,1.01455,TESTOSTERONE,Inactive
Nc1ccc(O)c(C(=O)O)c1,1.014635,MESALAMINE,Inactive
CC(=O)NCC(=O)O.CC(=O)NCC(=O)O.N=C(N)c1ccc(N=NNc2ccc(C(=N)N)cc2)cc1,1.0147,DIMINAZENE ACETURATE,Inactive
CCCCCCCCCCCCCCCCCCOCC(O)CO,1.01489,BATYL ALCOHOL,Inactive
CC1OC(OC2CC(O)C3(CO)C4C(O)CC5(C)C(C6=CC(=O)OC6)CCC5(O)C4CCC3(O)C2)C(O)C(O)C1O.O.O.O.O.O.O.O.O,1.01494,OUABAIN OCTAHYDRATE,Inactive
O=C(O)CCC(=O)O.O=C(OC1CN2CCC1CC2)N1CCc2ccccc2C1c1ccccc1,1.01505,SOLIFENACIN SUCCINATE,Inactive
O=CC(O)C(O)C(O)CO,1.01515,XYLOSE,Inactive
CN1CCC(OC(c2ccccc2)c2ccccc2)CC1.Cl,1.01517,DIPHENYLPYRALINE HYDROCHLORIDE,Inactive
Cc1cc(=O)n(-c2ccccc2)n1C,1.01528,ANTIPYRINE,Inactive
C=C(C)C1Cc2c(ccc3c2OC2COc4cc(OC)c(OC)cc4C2C3=O)O1,1.01535,ROTENONE,Inactive
Cc1cc(C(C)(C)C)c(O)c(C(C)(C)C)c1,1.01535,BUTYLATED HYDROXYTOLUENE,Inactive
NC(CSSCC(N)C(=O)O)C(=O)O,1.01535,CYSTINE,Inactive
Cn1c(=O)c2[nH]c(Br)nc2n(C)c1=O,1.015415,PAMABROM,Inactive
CC(CCc1ccccc1)NC(C)C(O)c1ccc(O)cc1.Cl,1.0155,NYLIDRIN HYDROCHLORIDE,Inactive
C=CC1CN2CCC1CC2C(O)c1ccnc2ccc(OC)cc12,1.01565,QUININE,Inactive
OCC(Br)(Br)Br,1.015725,TRIBROMOETHANOL,Inactive
O=C(O)CCCCCCC(=O)O,1.01575,SUBERIC ACID,Inactive
CCCCCCCCCc1ccc(O)cc1,1.01605,4-NONYLPHENOL,Inactive
COc1cc(O)c2c(=O)c(O)c(-c3ccccc3)oc2c1,1.016075,IZALPININ,Inactive
S=C=Nc1ccc(N=C=S)cc1,1.01615,BITOSCANATE,Inactive
COc1cccc2c1C(=O)c1c(O)c3c(c(O)c1C2=O)CC(O)(C(=O)CO)CC3OC1CC(N)C(O)C(C)O1,1.016225,DOXORUBICIN,Inactive
CCc1cn(C2OCC(O)C2CO)c(=O)nc1O,1.01627,EDOXUDINE,Inactive
CC(C)CCCC(C)C1CCC2C3CC=C4CC(O)CCC4(C)C3CCC12C,1.0164,CHOLESTEROL,Inactive
CC1(C)OC(=O)NC1=O,1.01648,DIMETHADIONE,Inactive
CC12CCC3C(CCC4CC(O)CCC43C)C1CCC2=O,1.0166,ANDROSTERONE,Inactive
CC[N+](C)(C)Cc1ccc(Br)cc1.Cc1ccc(S(=O)(=O)[O-])cc1,1.01665,BRETYLIUM TOSYLATE,Inactive
NC(=O)Nc1ccc([As](=O)(O)O)cc1,1.0167,CARBARSONE,Inactive
CCCC(NC(C)C(=O)N1C(C(=O)O)CC2CCCCC21)C(=O)O,1.01671,PERINDOPRILAT,Inactive
CN1CCN(CCCN2c3ccccc3Sc3ccc(C(F)(F)F)cc32)CC1.Cl.Cl,1.01681,TRIFLUOPERAZINE HYDROCHLORIDE,Inactive
COc1cccc2c1C(=O)c1c(O)c3c(c(O)c1C2=O)CC(O)(C(=O)CO)CC3OC1CC(N)C(O)C(C)O1.Cl,1.016995,EPIRUBICIN HYDROCHLORIDE,Inactive
COc1cc(OC)c2c(=O)c(OC)c(-c3ccccc3)oc2c1,1.017,GALANGIN TRIMETHYL ETHER,Inactive
CNC1CCC2Nc3ccc(C(N)=O)cc3C2C1.O=C(O)CCC(=O)O,1.017015,FROVATRIPTAN SUCCINATE,Inactive
COc1ccc(-c2c(O)c3c(OC)c4c(cc3oc2=O)OC(C)(C)C=C4)cc1,1.01712,ROBUSTIC ACID,Inactive
COc1cc2ccc(=O)oc2c(OC)c1OC,1.01728,DIMETHYLFRAXETIN,Inactive
CC(=O)OCC(=O)C1(O)CCC2C3CCC4=CC(=O)C=CC4(C)C3C(O)CC21C,1.01765,PREDNISOLONE ACETATE,Inactive
O=C(C=CC=Cc1ccc2c(c1)OCO2)N1CCCCC1,1.0177,PIPERINE,Inactive
COc1cc(C2c3cc4c(cc3C(OC3OC5COC(C)OC5C(O)C3O)C3COC(=O)C23)OCO4)cc(OC)c1O,1.0178,ETOPOSIDE,Inactive
COC(=O)C1CC(OC(C)=O)C(=O)C2C1(C)CCC1C(=O)OC(c3ccoc3)CC12C,1.01785,SALVINORIN A,Inactive
COc1ccc(-c2ccc3cc(C(=O)O)ccc3c2)cc1C12CC3CC(CC(C3)C1)C2,1.017885,ADAPALENE,Inactive
Cc1cc(NS(=O)(=O)c2ccc(N)cc2)nc(C)n1,1.01789,SULFISOMIDINE,Inactive
Cc1c(NC(=O)c2cccnc2)c(=O)n(-c2ccccc2)n1C,1.018085,NIFENAZONE,Inactive
COc1cccc2c1cc([N+](=O)[O-])c1c(C(=O)O)cc3c(c12)OCO3,1.0183,ARISTOLOCHIC ACID,Inactive
N=C(N)NCCCCN.O=S(=O)(O)O,1.01835,AGMATINE SULFATE,Inactive
COc1cc2nc(N3CCN(C(=O)c4ccco4)CC3)nc(N)c2cc1OC.Cl,1.01848,PRAZOSIN HYDROCHLORIDE [10mg],Inactive
CC(COc1ccccc1)N(CCCl)Cc1ccccc1.Cl,1.0185,PHENOXYBENZAMINE HYDROCHLORIDE,Inactive
CCCCC(CC)COC(=O)CC(C(=O)OCC(CC)CCCC)S(=O)(=O)[O-].[Na+],1.0186,DOCUSATE SODIUM,Inactive
COC(=O)CC1C(C)(C)C(=O)C2CC3=C(CCC4(C)C3=CC(=O)OC4c3ccoc3)C1(C)C2=O,1.0186,CARAPIN-8(9)-ENE,Inactive
COc1c2ccoc2nc2c(OC)c(OCC(O)C(C)(C)O)ccc12,1.018745,EVOXINE,Inactive
CC(=O)OC1CCC2(C)C(CC(OC(C)=O)C3(C)C4=CC(=O)OC(c5ccoc5)C4(C)CCC23)C1(C)C,1.019,3alpha-ACETOXYDIHYDRODEOXYGEDUNIN,Inactive
Cl.NCCc1ccc(O)c(O)c1,1.01905,DOPAMINE HYDROCHLORIDE,Inactive
COc1cc(C(=O)NCc2ccc(OCCN(C)C)cc2)cc(OC)c1OC.Cl,1.01911,TRIMETHOBENZAMIDE HYDROCHLORIDE,Inactive
C=C1CC23CC1(O)CCC2C12C=CC(O)C(C)(C(=O)O1)C2C3C(=O)O,1.01915,GIBBERELLIC ACID,Inactive
CC(C)=CCCC(C)(O)C1CC=C(C)CC1,1.01915,BISABOLOL,Inactive
O=C(O)c1cc(=O)c2ccccc2o1,1.019375,CHROMOCARB,Inactive
Cc1cccc(C)c1NC(=O)CN1CCCC1=O,1.019435,NEFIRACETAM,Inactive
Cc1cc2c(C(C)C)c(O)c(O)c(C=O)c2c(O)c1-c1c(C)cc2c(C(C)C)c(O)c(O)c(C=O)c2c1O,1.01944,GOSSYPOL,Inactive
CCOC(=O)COc1ccc2c(=O)cc(-c3ccccc3)oc2c1,1.0195,EFLOXATE,Inactive
CCCCCCCCCCCCCCCCOc1nc2ccc(C)cc2c(=O)o1,1.01955,CETILISAT,Inactive
N=C(N)N1CCc2ccccc2C1.O=S(=O)(O)O,1.0196,DEBRISOQUIN SULFATE,Inactive
O=C(O)CC(O)(CC(=O)O)C(=O)O,1.019605,CITRIC ACID,Inactive
O=c1ccc2ccc(O)cc2o1,1.01973,UMBELLIFERONE,Inactive
CCOP(=S)(OCC)SCSP(=S)(OCC)OCC,1.01975,ETHION,Inactive
O=C(OC1CC2CCC(C1)[N+]21CCCC1)C(O)(c1ccccc1)c1ccccc1.[Cl-],1.02013,TROSPIUM CHLORIDE,Inactive
C1CNCCN1,1.020595,PIPERAZINE,Inactive
CC(Oc1c(Cl)cccc1Cl)C1=NCCN1.Cl,1.02071,LOFEXIDINE  HYDROCHLORIDE,Inactive
COc1c2ccoc2cc2oc(C)cc(=O)c12,1.02075,VISNAGIN,Inactive
O=C1CCC23C=CC(=O)NCCCCNCCCNC(=O)C=Cc4ccc(c2c4)OC3C1,1.0208,LUNARINE,Inactive
CC1C=CC=CC=CC=CC=CC=CC=CC(OC2OC(C)C(O)C(N)C2O)CC2OC(O)(CC(O)CC(O)C(O)CCC(O)CC(O)CC(=O)OC(C)C(C)C1O)CC(O)C2C(=O)O,1.020935,AMPHOTERICIN B,Inactive
CCn1cc(C(=O)O)c(=O)c2ccc(C)nc21,1.02105,NALIDIXIC ACID,Inactive
CC(C)(Oc1ccc(CCNC(=O)c2ccc(Cl)cc2)cc1)C(=O)O,1.02105,BEZAFIBRATE,Inactive
CC(=O)O.Cc1cc2c(C(C)C)c(O)c(O)c(C=O)c2c(O)c1-c1c(C)cc2c(C(C)C)c(O)c(O)c(C=O)c2c1O,1.02105,GOSSYPOL-ACETIC ACID COMPLEX,Inactive
CC12C=CC(=O)C=C1CCC1C2C(=O)CC2(C)C1CCC2(O)C(=O)CO,1.02117,PREDNISONE,Inactive
CC1(C)C=Cc2cc3ccc(=O)oc3cc2O1,1.021375,XANTHYLETIN,Inactive
O=C(CCCN1CCC(O)(c2ccc(Cl)cc2)CC1)c1ccc(F)cc1,1.02145,HALOPERIDOL,Inactive
CC(=O)OC1CCC2(C)C(CCC3(C)C2CC=C2C4CC(C)(C)CCC4(C(=O)O)CCC23C)C1(C)C,1.02155,OLEANOLIC ACID ACETATE,Inactive
CC(=O)Nc1ccc(C(=O)O)cc1,1.0218,ACEDOBEN,Inactive
CCC(=O)c1ccc(O)cc1,1.02241,PAROXYPROPIONE,Inactive
O=c1cc(CO)occ1O,1.0227,KOJIC ACID,Inactive
O=C1CC2OCC=C3CN4CCC56c7ccccc7N1C5C2C3CC46.O=S(=O)(O)O,1.0228,STRYCHNINE SULFATE,Inactive
COc1cc(NS(C)(=O)=O)ccc1Nc1c2ccccc2nc2ccccc12,1.02302,AMSACRINE,Inactive
Cl.NC(N)=NC(=O)Cc1c(Cl)cccc1Cl,1.02325,GUANFACINE HYDROCHLORIDE,Inactive
CC1=C(O)C(=O)C=C2C1=CC=C1C2(C)CCC2(C)C3CC(C)(C(=O)O)CCC3(C)CCC12C,1.0233,CELASTROL,Inactive
O=C(CCCN1CCN(c2ccccn2)CC1)c1ccc(F)cc1,1.02345,AZAPERONE,Inactive
Cc1cccc(C)c1OCC(=O)NC(Cc1ccccc1)C(O)CC(Cc1ccccc1)NC(=O)C(C(C)C)N1CCCNC1=O,1.02345,LOPINAVIR,Inactive
NC(=O)CN1CC(O)CC1=O,1.0235,OXIRACETAM,Inactive
Nc1ccc(C(=O)Oc2ccccc2)c(O)c1,1.023625,PHENYL AMINOSALICYLATE,Inactive
NS(=O)(=O)c1cc2c(cc1Cl)NC(C1CC3C=CC1C3)NS2(=O)=O,1.02374,CYCLOTHIAZIDE,Inactive
COCCCOc1ccnc(CS(=O)c2nc3ccccc3[n-]2)c1C.[Na+],1.02379,RABEPRAZOLE SODIUM,Inactive
COc1cc2c(cc1OC)C1C(=O)c3ccc4c(c3OC1CO2)C=CC(C)(C)O4,1.02385,DEGUELIN(-),Inactive
OCc1ccccc1OC1OC(CO)C(O)C(O)C1O,1.0239,SALICIN,Inactive
COC(=O)C=CC(C)=CC=CC(C)=CC=CC=C(C)C=CC=C(C)C=CC(=O)O,1.0239,BIXIN,Inactive
C#CC1(O)CCC2C3CCc4cc(OC5CCCC5)ccc4C3CCC21C,1.02395,QUINESTROL,Inactive
COc1cc(C=CC(=O)O)cc(OC)c1O,1.024115,SINAPIC ACID,Inactive
Br.CN1CCCC1Cc1c[nH]c2ccc(CCS(=O)(=O)c3ccccc3)cc12,1.02413,ELETRIPTAN HYDROBROMIDE,Inactive
C=CC(C1=CC(=O)C=CC1=O)c1ccccc1,1.024145,DALBERGIONE,Inactive
CC(=O)OC1CCC2(C)C(CCC3(C)C2CCC24OC(=O)C5(CCC(C)C(C)C52)CCC34C)C1(C)C,1.02432,URSOLOLACTONE ACETATE,Inactive
CC(COc1ccccc1)NC(C)C(O)c1ccc(O)cc1.Cl,1.02446,ISOXSUPRINE HYDROCHLORIDE,Inactive
Cl.O=C(COc1ccc(Cl)cc1)N1CCN(Cc2ccc3c(c2)OCO3)CC1,1.02455,FIPEXIDE HYDROCHLORIDE,Inactive
CCC(=O)OC1(C(=O)CCl)C(C)CC2C3CCC4=CC(=O)C=CC4(C)C3(F)C(O)CC21C,1.0246,CLOBETASOL PROPIONATE,Inactive
O=C(C=Cc1ccc(O)cc1)c1ccc(O)cc1O,1.024655,ISOLIQUIRITIGENIN,Inactive
NC1CC1c1ccccc1.O=S(=O)(O)O,1.02475,TRANYLCYPROMINE SULFATE,Inactive
CCCCCC(C)N.O=S(=O)(O)O,1.024765,TUAMINOHEPTANE SULFATE,Inactive
C=CC=CCC1=C(C)C(OC(=O)C2C(C=C(C)C)C2(C)C)CC1=O,1.0248,PYRETHRINS,Inactive
Cl.NCCCCC(N)C(=O)O,1.024845,LYSINE (L) HYDROCHLORIDE,Inactive
Cl.N=C(N)NC(=O)c1nc(Cl)c(N)nc1N,1.024895,AMILORIDE HYDROCHLORIDE,Inactive
Cl.N=C(N)NC(=N)NCCc1ccccc1,1.025325,PHENFORMIN HYDROCHLORIDE,Inactive
COc1cccc2c1C(=O)c1c(O)c3c(c(O)c1C2=O)CC(O)(C(C)=O)CC3OC1CC(N)C(O)C(C)O1.Cl,1.0255,DAUNORUBICIN HYDROCHLORIDE,Inactive
COc1cccc(C2(O)CCCCC2CN(C)C)c1.Cl,1.025545,TRAMADOL HYDROCHLORIDE,Inactive
NC1CONC1=O,1.02569,CYCLOSERINE (D),Inactive
CC(C)(CO)C(O)C(=O)NCCC(=O)[O-].[Na+],1.0257,PANTOTHENIC ACID(d) Na salt,Inactive
Cc1ccc(Nc2c(F)cccc2Cl)c(CC(=O)O)c1,1.02575,LUMIRACOXIB,Inactive
Cl.NC(=O)CCC(N)C(=O)O,1.025835,GLUTAMINE (L) HYDROCHLORIDE,Inactive
CC(C)CCCC(C)N,1.0259,OCTODRINE,Inactive
CC12CCC(=O)C=C1CCC1C2C(O)CC2(C)C1CCC2(O)C(=O)CO,1.0261,HYDROCORTISONE,Inactive
CCOC(=O)c1cccc(N)c1.CS(=O)(=O)O,1.0261,TRICAINE MESYLATE,Inactive
CN1C2CCC1CC(OC(c1ccccc1)c1ccccc1)C2.CS(=O)(=O)O,1.02614,BENZTROPINE MESYLATE,Inactive
CC(=O)c1ccc(S(=O)(=O)NC(=O)NC2CCCCC2)cc1,1.0263,ACETOHEXAMIDE,Inactive
O=C([O-])P(=O)([O-])[O-].[Na+].[Na+].[Na+],1.02635,FOSCARNET SODIUM,Inactive
O=P([O-])([O-])F.[Na+].[Na+],1.0264,SODIUM MONOFLUOROPHOSPHATE,Inactive
CC(C=CC=C(C)C=CC1=C(C)C(=O)C(O)CC1(C)C)=CC=CC=C(C)C=CC=C(C)C=CC1=C(C)C(=O)C(O)CC1(C)C,1.0264,ASTAXANTHIN,Inactive
CC1=C(C(=O)O)N2C(=O)C(NC(=O)C(N)c3ccccc3)C2SC1,1.0265,CEPHALEXIN,Inactive
NC(CCC(=O)NC(CSSCC(NC(=O)CCC(N)C(=O)O)C(=O)NCC(=O)O)C(=O)NCC(=O)O)C(=O)O,1.0266,OXIGLUTATIONE,Inactive
CC12CC(OC1=O)C1(C)CCC3(C)C(=CCC4C5(C)CCC(O)C(C)(C)C5CCC43C)C1C2,1.02665,WILFORLIDE A,Inactive
ClC1C(Cl)C(Cl)C(Cl)C(Cl)C1Cl,1.02666,LINDANE,Inactive
CCCNC(C)(C)COC(=O)c1ccccc1.Cl,1.02667,MEPRYLCAINE HYDROCHLORIDE,Inactive
CCC1(c2ccccc2)C(=O)NC(=O)NC1=O,1.0268,PHENOBARBITAL,Inactive
CCOc1ccccc1OCCNC(C)Cc1ccc(OC)c(S(N)(=O)=O)c1.Cl,1.0269,TAMSULOSIN HYDROCHLORIDE,Inactive
Cc1nccnc1N1CCCCC1.O=S(=O)(O)O,1.026915,MODALINE SULFATE,Inactive
CCOC(=O)OC(C)OC1=C(C(=O)Nc2ccccn2)N(C)S(=O)(=O)c2ccccc21,1.026915,AMPIROXICAM,Inactive
Nc1ccc(S(N)(=O)=O)cc1,1.02694,SULFANILAMIDE,Inactive
CCN(CC)CC(=O)Nc1c(C)cccc1C.Cl,1.027,LIDOCAINE HYDROCHLORIDE,Inactive
O=C(O)c1ccc(S(=O)(=O)N(Cl)Cl)cc1,1.027025,HALAZONE,Inactive
CC12CCC(=O)C=C1CCC1C2C(=O)CC2(C)C1CCC2(O)C(=O)CO,1.02705,CORTISONE,Inactive
CCN(CC)CCOc1ccc2c(c1)C(=O)c1cc(OCCN(CC)CC)ccc1-2,1.02719,TILORONE,Inactive
C=C1C2CCC3(C)C(c4ccoc4)OC(=O)CC13OC1CC(O)C(C)(C)C(CC(=O)OC)C12C,1.027275,3alpha-HYDROXY-3-DEOXYANGOLENSIC ACID METHYL ESTER,Inactive
CC(=O)Oc1cccc(O)c1,1.0273,RESORCINOL MONOACETATE,Inactive
Cc1nccc2c1[nH]c1ccccc12,1.02741,HARMANE,Inactive
Nc1ccc(S(=O)(=O)[O-])cc1.Nc1ccc(S(=O)(=O)[O-])cc1.[Zn+2],1.02745,SULFANILATE ZINC,Inactive
CCN(CC)CCNc1ccc(CO)c2sc3ccccc3c(=O)c12,1.02759,HYCANTHONE,Inactive
NS(=O)(=O)c1cc2c(cc1Cl)N=C(CSCc1ccccc1)NS2(=O)=O,1.027825,BENZTHIAZIDE,Inactive
Oc1cc(O)c2c(c1)OC(c1cc(O)c(O)c(O)c1)C(O)C2,1.02789,EPIGALLOCATECHIN,Inactive
Brc1c(NC2=NCCN2)ccc2nccnc12,1.0279,BRIMONIDINE,Inactive
OCc1ccccc1,1.0281,BENZYL ALCOHOL,Inactive
COc1ccc(C=O)cc1,1.02817,4-ANISALDEHYDE,Inactive
CC(C(=O)O)c1ccc(-c2ccccc2)c(F)c1,1.0283,FLURBIPROFEN,Inactive
NC(Cc1ccc(O)c(O)c1)C(=O)O,1.0284,LEVODOPA,Inactive
COC(=O)CCC(C)C1CCC2C3C(O)CC4CC(O)CCC4(C)C3CC(O)C12C,1.0284,METHYL CHOLATE,Inactive
CCc1oc2ccccc2c1C(=O)c1cc(Br)c(O)c(Br)c1,1.02841,BENZBROMARONE,Inactive
CN1CCN2c3ccccc3Cc3ccccc3C2C1.Cl,1.0286,MIANSERIN HYDROCHLORIDE,Inactive
CN(C)c1cnccn1.O=S(=O)(O)O,1.02876,AMPYZINE SULFATE,Inactive
CC1(C)CCC2(C(=O)O)CCC3(C)C(=CCC4C5(C)CCC(O)C(C)(C)C5CCC43C)C2C1,1.0288,OLEANOLIC ACID,Inactive
O=C1C=C2C=CC3CC2(O1)C1CCCCN31,1.02889,SECURININE,Inactive
CC(=O)Oc1ccccc1C(=O)O,1.0289,ASPIRIN,Inactive
O=c1[nH]c(=O)c2ccccc2o1,1.0289,CARSALAM,Inactive
COc1cc2c(c(OC)c1OC)-c1ccc(O)c(=O)cc1C(NC(C)=O)CC2,1.028995,COLCHICEINE,Inactive
Nc1ccc(S(=O)(=O)Nc2ccc(Cl)nn2)cc1,1.029,SULFACHLORPYRIDAZINE,Inactive
COC1C(O)C(C)OC(OC2CCC3(C=O)C(CCC4C3CCC3(C)C(C5=CC(=O)OC5)CCC43O)C2)C1O,1.029,PERUVOSIDE,Inactive
O=C(O)CCC(=O)c1ccc(-c2ccccc2)cc1,1.02905,FENBUFEN,Inactive
O=c1c(-c2ccc(O)cc2)coc2cc(O)cc(O)c12,1.0291,GENISTEIN,Inactive
O=c1c(O)c(-c2ccc(O)cc2)oc2cc(O)cc(O)c12,1.02912,KAEMPFEROL,Inactive
CNC(C)(C)Cc1ccccc1.O=S(=O)(O)O,1.0293,MEPHENTERMINE SULFATE,Inactive
C[N+]1(C)C2CCC1CC(OC(=O)C(CO)c1ccccc1)C2.O=[N+]([O-])[O-],1.02953,METHYLATROPINE NITRATE,Inactive
COc1cc(O)ccc1C(C)=O,1.02965,ISOPEONOL,Inactive
OCCN1CC(O)C(O)C(O)C1CO,1.029945,MIGLITOL,Inactive
CCC(C)(C)O,1.02995,AMYLENE HYDRATE,Inactive
Cc1cccc(C(=O)O)c1O,1.02995,HYDROXYTOLUIC ACID,Inactive
O=C(O)CCNC(=O)c1ccccc1,1.03,BETAMIPRON,Inactive
CC1NC(=O)C2CCCN2C(=O)C(CC(N)=O)NC(=O)C2CSSCC(N)C(=O)NC3CSSCC(NC1=O)C(=O)NC(C(C)O)C(=O)NCC(=O)NC(C(=O)NC(Cc1ccc(O)cc1)C(=O)O)CSSCC(NC(=O)C(Cc1ccc(O)cc1)NC(=O)C(CCC(=O)O)NC3=O)C(=O)N2,1.03007,LINACLOTIDE (1 mg/ml),Inactive
C=CC[N+]1(C2CC3C4CCC5CC(O)C(N6CCOCC6)CC5(C)C4CCC3(C)C2OC(C)=O)CCCC1.[Br-],1.0301,ROCURONIUM BROMIDE,Inactive
CCCCC(CC)COC(=O)C(C#N)=C(c1ccccc1)c1ccccc1,1.03011,OCTOCRYLENE,Inactive
CN(C)CCC=C1c2ccccc2COc2ccccc21.Cl,1.03015,DOXEPIN HYDROCHLORIDE,Inactive
CN(C)c1ccc(C(=C2C=CC(=[N+](C)C)C=C2)c2ccc(N(C)C)cc2)cc1.[Cl-],1.03022,GENTIAN VIOLET,Inactive
CN1C(C(=O)Nc2ccccn2)=C(O)c2sccc2S1(=O)=O,1.0305,TENOXICAM,Inactive
CC(C)[N+](C)(CCOC(=O)C1c2ccccc2Oc2ccccc21)C(C)C.[Br-],1.03065,PROPANTHELINE BROMIDE,Inactive
N=C(N)NCCCCNC(=N)N.O=S(=O)(O)O,1.03065,ARCAINE SULFATE,Inactive
N.N.O=C1O[Pt]OC(=O)C12CCC2,1.03075,CARBOPLATIN,Inactive
OCC1OC(OC2(CCl)OC(CCl)C(O)C2O)C(O)C(O)C1Cl,1.03085,SUCRALOSE,Inactive
CC(C(=O)O)c1cccc(Oc2ccccc2)c1,1.0309,FENOPROFEN,Inactive
COc1cc(C(=S)N2CCOCC2)ccc1O,1.031,VANITIOLIDE,Inactive
Cl.NCC(CC(=O)O)c1ccc(Cl)cc1,1.031075,BACLOFEN HYDROCHLORIDE (+/-),Inactive
CCOC(=O)C(CCc1ccccc1)NC(C)C(=O)N1C(C(=O)O)CC2CCCC21,1.0312,RAMIPRIL,Inactive
CCOC(=O)C(CCc1ccccc1)NC(C)C(=O)N(CC(=O)O)C1Cc2ccccc2C1.Cl,1.03135,DELAPRIL HYDROCHLORIDE,Inactive
O=c1c2ccccc2oc2ccccc12,1.03138,XANTHONE,Inactive
C#CCCCCCCCCCCCC(O)CC(O)COC(C)=O.C=CCCCCCCCCCCCC(O)CC(O)COC(C)=O,1.0314,AVOCATIN A,Inactive
CCCCNc1cc(C(=O)O)cc(S(N)(=O)=O)c1Oc1ccccc1,1.0315,BUMETANIDE,Inactive
COc1ncnc(NS(=O)(=O)c2ccc(N)cc2)c1OC,1.031585,SULFADOXINE,Inactive
CCOC(=O)c1ncn2c1CN(C)C(=O)c1cc(F)ccc1-2,1.031615,FlUMAZENIL,Inactive
CCNC1(c2cccs2)CCCCC1=O.Cl,1.03175,TILETAMINE HYDROCHLORIDE,Inactive
CC(=O)OC1CC2CCC3C(CCC4(C)C3CC([N+]3(C)CCCCC3)C4OC(C)=O)C2(C)CC1N1CCCCC1.[Br-],1.0319,VECURONIUM BROMIDE,Inactive
NS(=O)(=O)c1cc2c(cc1Cl)NCNS2(=O)=O,1.03199,HYDROCHLOROTHIAZIDE,Inactive
Cc1ccc(N(CC2=NCCN2)c2cccc(O)c2)cc1.Cl,1.03205,PHENTOLAMINE HYDROCHLORIDE,Inactive
CCC1C(=O)OCC1Cc1cncn1C.O=[N+]([O-])O,1.03225,PILOCARPINE NITRATE,Inactive
Cl.c1ccc2c(c1)CCCC2C1=NCCN1,1.03235,TETRAHYDROZOLINE HYDROCHLORIDE,Inactive
Cl.O=C1CCC2(O)C3Cc4ccc(O)c5c4C2(CCN3CC2CC2)C1O5,1.03235,NALTREXONE HYDROCHLORIDE,Inactive
C=C(C)C1CCC2(C)CCC3(C)C(CCC4C5(C)CCC(O)C(C)(C)C5CCC43C)C12,1.032475,LUPEOL,Inactive
Cc1cn[nH]c1,1.03255,FOMEPIZOLE,Inactive
CC(O)(CS(=O)(=O)c1ccc(F)cc1)C(=O)Nc1ccc(C#N)c(C(F)(F)F)c1,1.032745,BICALUTAMIDE,Inactive
CC1=Nc2ccc(Cl)cc2S(=O)(=O)N1,1.03285,DIAZOXIDE,Inactive
O=C(O)C1=CC(O)C(O)C(O)C1,1.03285,SHIKIMIC ACID,Inactive
CN1CCC(=C2c3ccccc3CC(=O)c3sccc32)CC1.O=C(O)C=CC(=O)O,1.032985,KETOTIFEN FUMARATE,Inactive
CCOc1nc2cccc(C(=O)O)c2n1Cc1ccc(-c2ccccc2-c2nnn[nH]2)cc1,1.0332,CANDESARTAN,Inactive
CC(=O)C1(O)CCC2C3CCC4=CC(=O)CCC4(C)C3CCC21C,1.0332,HYDROXYPROGESTERONE,Inactive
COc1ccc(C2CC(=O)c3c(O)cc(O)cc3O2)cc1O,1.0332,HESPERETIN,Inactive
CC1=CC(=O)C2C(C)(C)CCCC2(C)C1(O)CCc1ccoc1,1.0332,SOLIDAGENONE,Inactive
CC(C)N1CCN(c2ccc(OCC3COC(Cn4cncn4)(c4ccc(Cl)cc4Cl)O3)cc2)CC1,1.033375,TERCONAZOLE,Inactive
C=CCSCC(N)C(=O)O,1.0334,L-DEOXYALLIIN,Inactive
CN(C)C(=N)NC(=N)N.Cl,1.033415,METFORMIN HYDROCHLORIDE,Inactive
C=CCC1(C(C)CCC)C(=O)N=C([S-])NC1=O.[Na+],1.0337,THIAMYLAL SODIUM,Inactive
Cc1ccc(N=CN(C)C=Nc2ccc(C)cc2C)c(C)c1,1.033775,AMITRAZ,Inactive
NC(=O)N1c2ccccc2C=Cc2ccccc21,1.0338,CARBAMAZEPINE,Inactive
OCC1OC(OC2C(CO)OC(O)(CO)C2O)C(O)C(O)C1O,1.03381,LACTULOSE,Inactive
O=c1cccc2n1CC1CNCC2C1,1.0339,CYTISINE,Inactive
Cl.Nc1ncnc(Nc2ccc(Cl)cc2)n1,1.03395,CHLORAZANIL HYDROCHLORIDE,Inactive
Cl.c1ccc(C2CN3CCSC3=N2)cc1,1.033965,LEVAMISOLE HYDROCHLORIDE,Inactive
Cn1cnc([N+](=O)[O-])c1Sc1[nH]cnc2ncnc1-2,1.03405,AZATHIOPRINE,Inactive
COc1ccc(-c2cc(=O)c3ccccc3o2)cc1,1.03405,4'-METHOXYFLAVONE,Inactive
COc1cc2c3cc1Oc1c(OC)c(OC)cc4c1C(Cc1cccc(c1)Oc1ccc(c(O)c1)CC3N(C)CC2)N(C)CC4.Cl.Cl,1.03435,BERBAMINE HYDROCHLORIDE,Inactive
Br.Cn1c(=O)c2c(ncn2C)n(C)c1=O,1.0344,CAFFEINE HYDROBROMIDE,Inactive
COc1ccc(C(=O)O)c(O)c1OC,1.03455,"2-HYDROXY-3,4-DIMETHOXYBENZOIC ACID",Inactive
O=c1c(O)cc(C2Oc3cc(O)cc(O)c3CC2O)cc2c(C3Oc4cc(O)cc(O)c4CC3O)cc(O)c(O)c12,1.03477,THEAFLAVIN,Inactive
Cc1cc(O)c2c(c1)C(=O)c1c(c(O)cc(O)c1-c1c(O)cc(O)c3c1C(=O)c1cc(C)cc(O)c1C3=O)C2=O,1.034845,SKYRIN,Inactive
C(=CN1CCN(C(c2ccccc2)c2ccccc2)CC1)Cc1ccccc1,1.035,CINNARAZINE,Inactive
CC1C(=O)OC2C1CCC1(C)CCC(=O)C(C)C21,1.0351,ARTEPAULIN,Inactive
Cc1cc(C(C)(C)C)cc(C)c1CC1=NCCN1.Cl,1.03525,XYLOMETAZOLINE HYDROCHLORIDE,Inactive
CCCCC1=NC2(CCCC2)C(=O)N1Cc1ccc(-c2ccccc2-c2nnn[nH]2)cc1,1.03535,IRBESARTAN,Inactive
CC(=O)OCC=C(C)C=CC=C(C)C=CC1=C(C)CCCC1(C)C,1.035415,RETINYL ACETATE,Inactive
CC=C1CC(C)C(O)(CO)C(=O)OCC2=CCN3CCC(OC1=O)C23,1.0356,RETRORSINE,Inactive
N=C1NCCC(C2NC(=O)C(=CNC(N)=O)NC(=O)C(CNC(=O)CC(N)CCCN)NC(=O)C(CO)NC(=O)C(N)CNC2=O)N1.O=S(=O)(O)O,1.035695,CAPREOMYCIN SULFATE [4mM],Inactive
CC12C=CC(=O)C=C1CCC1C3CC(O)C(O)(C(=O)CO)C3(C)CC(O)C12F,1.03575,TRIAMCINOLONE,Inactive
C#CC1(O)C=CC2C3CCC4=CC(=O)CCC4C3CCC21CC,1.035835,GESTODENE,Inactive
COc1ccc(CNc2nc(N3CCCC3CO)ncc2C(=O)NCc2ncccn2)cc1Cl,1.03605,AVANAFIL,Inactive
CC(=CCO)CCC(C)CCCC(C)CCCC(C)C,1.03605,PHYTOL,Inactive
COC(=O)CC1C(C)(C)C(OC(C)=O)C2CC3=C4CC(=O)OC(c5ccoc5)C4(C)CCC3C1(C)C2=O,1.036255,FISSINOLIDE,Inactive
CCC(NC(C)C)C(O)c1ccc(O)c(O)c1.CS(=O)(=O)O,1.0363,ISOETHARINE MESYLATE,Inactive
CC(N)C12CC3CC(CC(C3)C1)C2.Cl,1.03638,RIMANTADINE HYDROCHLORIDE,Inactive
CC(C)CCCC(C)C1CCC2C3CC(O)C4(O)CC(O)CCC4(C)C3CCC12C,1.0365,"CHOLESTAN-3beta,5alpha,6beta-TRIOL",Inactive
COc1ccnc(CS(=O)c2nc3cc(OC(F)F)ccc3[nH]2)c1OC,1.03658,PANTOPRAZOLE,Inactive
COCC12CN(C=O)C3C4C(OC)C1C3(C(OC)CC2O)C1CC2(O)C(OC)C(O)C4(OC(C)=O)C1C2OC(=O)c1ccccc1,1.0366,OXONITINE,Inactive
Nc1nc(N)nc(-c2cc(Cl)ccc2Cl)n1.O=C(O)C=CC(=O)O,1.0367,IRSOGLADINE MALEATE,Inactive
COc1c(OC)c2occc2c2oc(=O)ccc12,1.03675,PIMPINELLIN,Inactive
O=C(C=Cc1ccc(O)c(O)c1)OC1CC(O)(C(=O)O)CC(O)C1O,1.03725,CHLOROGENIC ACID,Inactive
Oc1ccc(C=Cc2cc(O)cc(O)c2)cc1,1.03735,RESVERATROL,Inactive
O=S(=O)([O-])NC1CCCCC1.[Na+],1.03755,SODIUM CYCLAMATE,Inactive
COC1=CC(=O)OC(C=Cc2ccccc2)C1,1.03757,KAWAIN,Inactive
OCC1CCCN2CCCCC12,1.037655,LUPININE,Inactive
CC12CCC3c4ccc(OC(=O)c5ccccc5)cc4CCC3C1CCC2O,1.038,ESTRADIOL BENZOATE,Inactive
CC1COC2=C1C(=O)C(=O)c1c2ccc2c1CCCC2(C)C,1.038005,CRYPTOTANSHINONE,Inactive
O=C(O)c1ccc(-n2nc(-c3ccccc3O)nc2-c2ccccc2O)cc1,1.0381,DEFERASIROX ,Inactive
c1ccc(CN(CC2=NCCN2)c2ccccc2)cc1,1.03813,ANTAZOLINE,Inactive
O=C(Oc1ccccc1C(=O)O)c1ccccc1O,1.0382,SALSALATE,Inactive
CNCC(O)c1cccc(O)c1.Cl,1.038265,L-PHENYLEPHRINE HYDROCHLORIDE,Inactive
CCOC(=O)C(CCc1ccccc1)NC1CCc2ccccc2N(CC(=O)O)C1=O.Cl,1.03846,BENAZEPRIL HYDROCHLORIDE,Inactive
NCCO.NCCO.O[AsH]O[AsH]O,1.0386,ARSENIC TRIOXIDE DIETHANOLAMINE SALT,Inactive
COc1ccc2[nH]cc(CCNC(C)=O)c2c1,1.0386,MELATONIN,Inactive
Cc1ccccc1OCC(O)CO,1.03865,MEPHENESIN,Inactive
NC(=O)c1ncn(C2OC(CO)C(O)C2O)c1N,1.03875,ACADESINE,Inactive
Cc1cc(NC(=O)C2=C(O)c3ccccc3S(=O)(=O)N2C)no1,1.038935,ISOXICAM,Inactive
COC(=O)C1=C(C)NC(C)=C(C(=O)OCCN(C)Cc2ccccc2)C1c1cccc([N+](=O)[O-])c1.Cl,1.03925,NICARDIPINE HYDROCHLORIDE,Inactive
CNCCC(Oc1ccccc1C)c1ccccc1.Cl,1.0393,ATOMOXETINE HYDROCHLORIDE,Inactive
COc1ccc(-c2cc(=O)c3c(O)c(OC)c(OC4OC(COC5OC(C)C(O)C(O)C5O)C(O)C(O)C4O)cc3o2)cc1,1.039365,PECTOLINARIN,Inactive
Cc1onc(-c2ccccc2Cl)c1C(=O)NC1C(=O)N2C1SC(C)(C)C2C(=O)[O-].[Na+],1.03937,CLOXACILLIN SODIUM,Inactive
Cn1c(=O)c2c(ncn2CC(O)CO)n(C)c1=O,1.03945,DYPHYLLINE,Inactive
Oc1c(I)cc(I)c2cccnc12,1.03945,IODOQUINOL,Inactive
Cc1cc(=O)oc2cc(O)c(O)cc12,1.03981,4-METHYLESCULETIN,Inactive
CC(N)CCCC(C)(C)O.Cl,1.04025,HEPTAMINOL HYDROCHLORIDE,Inactive
CC(C)(O)C(Cl)(Cl)Cl,1.04042,CHLOROBUTANOL,Inactive
Cn1c(=O)c2c(ncn2CC2OCCO2)n(C)c1=O,1.04075,DOXOFYLLINE,Inactive
CCC(=O)OC1C2CC3=C4CC(=O)OC(c5ccoc5)C4(C)CCC3C(C)(C2=O)C(CC(=O)OC)C1(C)C,1.04101,KHAYASIN C,Inactive
COC(=O)C1=C(C#N)NC(C)=C(C(=O)OC(C)C)C1c1cccc([N+](=O)[O-])c1,1.041115,NILVADIPINE,Inactive
COc1ccccc1OCC(O)CN1CCN(CC(=O)Nc2c(C)cccc2C)CC1.Cl.Cl,1.04125,RANOLAZINE DIHYDROCHLORIDE,Inactive
Cc1cc2c(cc1C(=O)c1ccc(C(=O)O)cc1)C(C)(C)CCC2(C)C,1.04135,BEXAROTENE,Inactive
CN(C)CCC(c1ccc(Br)cc1)c1ccccn1.O=C(O)C=CC(=O)O,1.0414,BROMPHENIRAMINE MALEATE,Inactive
CC(C)NCC(O)COc1ccc(COCCOC(C)C)cc1.O=C(O)C=CC(=O)O,1.04165,BISOPROLOL FUMARATE,Inactive
NNC(=O)c1ccncc1,1.04188,ISONIAZID,Inactive
COc1cc(C=O)cc(OC)c1OC,1.04195,"3,4,5-TRIMETHOXYBENZALDEHYDE",Inactive
Nc1ncnc2c1ncn2C1OC(COP(=O)(O)OP(=O)([O-])OP(=O)([O-])O)C(O)C1O.[Na+].[Na+],1.04205,ADENOSINE TRIPHOSPHATE DISODIUM,Inactive
CC(C)(C)NCC(O)COc1cccc2c1CC(O)C(O)C2,1.04215,NADOLOL,Inactive
OCC1OC(OC2C(CO)OC(O)C(O)C2O)C(O)C(O)C1O,1.04227,CELLOBIOSE (D[+]),Inactive
COc1ccc2c(=O)cc(-c3ccccc3OC)oc2c1,1.0423,"7,2'-DIMETHOXYFLAVONE",Inactive
Cc1cc2cc3c(C)cc(=O)oc3c(C)c2o1,1.0424,TRIOXSALEN,Inactive
CNCC(O)C(O)C(O)C(O)CO.Cc1c(Nc2ncccc2C(=O)O)cccc1C(F)(F)F,1.0424,FLUNIXIN MEGLUMINE,Inactive
CCCN(CCC)S(=O)(=O)c1ccc(C(=O)O)cc1,1.0425,PROBENECID,Inactive
O=c1c(O)c(-c2ccccc2)oc2ccccc12,1.0425,3-HYDROXYFLAVONE,Inactive
O=C(O)c1ccccc1C(=O)Nc1ccc(S(=O)(=O)Nc2nccs2)cc1,1.04255,PHTHALYLSULFATHIAZOLE,Inactive
COc1ccc(CCN(C)CCCC(C#N)(c2ccc(OC)c(OC)c2)C(C)C)cc1OC.Cl,1.0426,VERAPAMIL HYDROCHLORIDE,Inactive
COc1ccc2c(=O)c(OC)c(-c3ccccc3)oc2c1,1.04275,"3,7-DIMETHOXYFLAVONE",Inactive
CCCC(C)(COC(N)=O)COC(=O)NC(C)C,1.0429,CARISOPRODOL,Inactive
COc1cc(OC)c(C(=O)CCCN2CCCC2)c(OC)c1.Cl,1.043,BUFLOMEDIL HYDROCHLORIDE,Inactive
CCN1CCCC1CNC(=O)c1cc(S(N)(=O)=O)ccc1OC,1.0432,LEVOSULPIRIDE,Inactive
CC(C)(C)C(=O)C(Oc1ccc(Cl)cc1)n1ccnc1,1.0436,CLIMBAZOLE,Inactive
CC1=C2N=C(C=C3N=C(C(C)=C4N=C(C(CC(N)=O)C4(C)CCC(=O)NCC(C)OP(=O)(O)OC4C(CO)OC(n5c[n+]([Co]C#N)c6cc(C)c(C)cc65)C4O)C4(C)N=C1C(CCC(N)=O)C4(C)CC(N)=O)C(CCC(N)=O)C3(C)C)C(CCC(N)=O)C2(C)CC(N)=O,1.04365,CYANOCOBALAMIN,Inactive
O=C([O-])C=CC(=O)[O-].[Fe+2],1.04382,FERROUS FUMARATE,Inactive
Cl.NCCc1cc(O)c(O)cc1O,1.04395,OXIDOPAMINE HYDROCHLORIDE,Inactive
CC[N+]1(C)CCCC(OC(=O)C(O)(c2ccccc2)c2ccccc2)C1.[Br-],1.0441,PIPENZOLATE BROMIDE,Inactive
NCCc1ccc(O)cc1,1.04425,TYRAMINE,Inactive
COc1ccc(C(=O)O)cc1,1.04445,p-ANISIC ACID,Inactive
COc1c(O)cc2c(c1O)C1OC(CO)C(O)C(O)C1OC2=O,1.04475,BERGENIN,Inactive
CCCCC(=O)C1CCCC=C1C(=O)O,1.04475,SEDANOIC ACID,Inactive
CCOC(=O)C(C)(C)Oc1ccc(Cl)cc1,1.0448,CLOFIBRATE,Inactive
Oc1ccc(C2Oc3cc(O)cc(O)c3CC2O)cc1,1.04485,"EPIAFZELECHIN (2R,3R)(-)",Inactive
Nc1ncnc2[nH]cnc12,1.0449,ADENINE,Inactive
CC(=O)OC1(C(C)=O)CCC2C3C=C(Cl)C4=CC(=O)CCC4(C)C3CCC21C,1.04495,CHLORMADINONE ACETATE,Inactive
Cl.NCCS,1.044985,CYSTEAMINE HYDROCHLORIDE,Inactive
CCCCCCCCCCC(C(=O)O)C1(C(=O)O)CCC(=O)O1,1.04505,SPICULISPORIC ACID,Inactive
COc1cc(O)c(C(C)=O)c(OC)c1,1.0452,XANTHOXYLIN,Inactive
C#CC1(O)CCC2C3CCC4=CCCCC4C3CCC21C,1.045525,LYNESTRENOL,Inactive
CC(C)C(O)=C1C(=O)OC(c2ccoc2)C2(C)C(O)C(O)C34OC5(C)OC3(C12)C(O)C1(O)C(O)C2(C)CC1(O5)C4(C)C2CC(=O)O,1.0456,HYDROLYSIS PRODUCT OF BUSSEIN,Inactive
CCN(CC)S(=O)(=O)c1ccc(C(=O)O)cc1,1.04565,ETEBENECID,Inactive
Cc1c[nH]cn1,1.0457,4-METHYLIMIDAZOLE,Inactive
CC1=C2CC3C(CC=C4CC(O)CCC43C)C2CCC12OC1CC(C)CNC1C2C,1.04573,CYCLOPAMINE,Inactive
CC=NN(C)C=O,1.0458,GYROMITRIN,Inactive
CCOC(=O)NNc1nncc2ccccc12.Cl,1.04584,TODRALAZINE HYDROCHLORIDE,Inactive
Cc1ccc(O)cc1,1.04622,CRESOL,Inactive
CN1CCc2cccc3c2C1Cc1ccc(O)c(O)c1-3.Cl,1.04625,APOMORPHINE HYDROCHLORIDE,Inactive
CCOC(=O)C(CCc1ccccc1)NC(C)C(=O)N1C(C(=O)O)CC2CCCCC21,1.04632,TRANDOLAPRIL,Inactive
COc1cc2nc(N3CCN(C(=O)C4COc5ccccc5O4)CC3)nc(N)c2cc1OC.CS(=O)(=O)O,1.04635,DOXAZOSIN MESYLATE,Inactive
COc1ccc2c(c1)OCC(Cc1ccc(O)c(OC)c1)C2=O,1.0464,"DEOXYSAPPANONE B 7,3'-DIMETHYL ETHER",Inactive
Nc1nc2c(ncn2COC(CO)CO)c(=O)[nH]1.O,1.04652,GANCICLOVIR HYDRATE,Inactive
O=c1c(O)c(-c2cc(O)c(O)c(O)c2)oc2cc(O)cc(O)c12,1.04655,MYRICETIN,Inactive
COc1cc2ccc(=O)oc2c2ccoc12,1.04675,SPHONDIN,Inactive
CC(CS)C(=O)N1CCCC1C(=O)O,1.04695,CAPTOPRIL,Inactive
CC1OC(OCC2OC(Oc3c(-c4ccc(OCCO)c(OCCO)c4)oc4cc(OCCO)cc(O)c4c3=O)C(O)C(O)C2O)C(O)C(O)C1O,1.04698,TROXERUTIN,Inactive
CN1C(=O)CC(c2ccccc2)C1=O,1.04723,PHENSUCCIMIDE,Inactive
FC(F)(Cl)C(F)(F)Cl,1.0474,CRYOFLURANE,Inactive
Nc1ccc(S(=O)(=O)Nc2nccs2)cc1,1.04755,SULFATHIAZOLE,Inactive
CCOC(=O)CC(SP(=S)(OC)OC)C(=O)OCC,1.04765,MALATHION,Inactive
CCCCOC(=O)c1ccc(O)cc1,1.0478,BUTYL PARABEN,Inactive
CC1CC2C(C(O)CC3(C)C2CCC3(O)C(=O)COC(=O)CCC(=O)[O-])C2(C)C=CC(=O)C=C12.[Na+],1.04785,METHYLPREDNISOLONE SODIUM SUCCINATE,Inactive
CCC(CO)NCCNC(CC)CO.Cl.Cl,1.0479,ETHAMBUTOL HYDROCHLORIDE,Inactive
COC1=C(OC)C(=O)C(CCCCCCCCCCO)=C(C)C1=O,1.048025,IDEBENONE,Inactive
COc1ccc(-n2nc(C(N)=O)c3c2C(=O)N(c2ccc(N4CCCCC4=O)cc2)CC3)cc1,1.04815,APIXABAN,Inactive
CCCc1cc(=O)[nH]c(=S)[nH]1,1.04825,PROPYLTHIOURACIL,Inactive
CC(C)(C)C(O)(CCc1ccc(Cl)cc1)Cn1cncn1,1.04825,TEBUCONAZOLE,Inactive
CS(C)(=O)=O,1.04825,DIMETHYLSULFONE,Inactive
O=S(=O)([O-])CCCS(=O)(=O)[O-].[Na+].[Na+],1.0483,EPRODISATE DISODIUM,Inactive
CCC(=O)OC(CC(=O)O)C[N+](C)(C)C.[Cl-],1.0483,LEVOCARNITINE PROPIONATE HYDROCHLORIDE,Inactive
O=C(OC1Cc2c(O)cc(O)cc2OC1c1cc(O)c(O)c(O)c1-c1c(C2Oc3cc(O)cc(O)c3CC2OC(=O)c2cc(O)c(O)c(O)c2)cc(O)c(O)c1O)c1cc(O)c(O)c(O)c1,1.0483,"2',2'-BISEPIGALLOCATECHIN DIGALLATE",Inactive
CC(C=CC1(O)C(C)=CC(=O)CC1(C)C)=CC(=O)O,1.04836,"ABSCISIC ACID (cis,trans; +/-)",Inactive
CC1OC(OCC2OC(Oc3c(-c4ccc(O)c(O)c4)oc4cc(O)cc(O)c4c3=O)C(O)C(O)C2O)C(O)C(O)C1O,1.0484,RUTIN,Inactive
Cc1cccn2c(=O)c(-c3nnn[n-]3)cnc12.[K+],1.04885,PEMIROLAST POTASSIUM,Inactive
CC(=O)Oc1cc2c(s1)CCN(C(C(=O)C1CC1)c1ccccc1F)C2,1.04913,PRASUGREL,Inactive
COc1ccc2c(c1)OCC(=Cc1ccc(OC)c(O)c1)C2=O,1.04915,SAPPANONE A DIMETHYL ETHER,Inactive
CC(C)[N+](C)(CCC(C(N)=O)(c1ccccc1)c1ccccc1)C(C)C.[I-],1.0492,ISOPROPAMIDE IODIDE,Inactive
CCc1cccc2c3c([nH]c12)C(CC)(CC(=O)O)OCC3,1.0493,ETODOLAC,Inactive
Br.COC(=O)C1=CCCN(C)C1,1.0495,ARECOLINE HYDROBROMIDE,Inactive
Cc1ccc(S(=O)(=O)[N-]Cl)cc1.[Na+],1.0495,CHLORAMINE-T,Inactive
CC12C=CC(=O)C=C1CCC1C2C(O)CC2(C)C1CCC2(O)C(=O)CO,1.04955,PREDNISOLONE,Inactive
CCCCC1C(=O)N(c2ccccc2)N(c2ccccc2)C1=O,1.0496,PHENYLBUTAZONE,Inactive
COC(=O)Nc1nc2cc(C(=O)c3ccccc3)ccc2[nH]1,1.04975,MEBENDAZOLE,Inactive
CC(O)C(N)C(=O)O,1.0499,THREONINE (L),Inactive
COCCOC(=O)C1=C(C)NC(C)=C(C(=O)OC(C)C)C1c1cccc([N+](=O)[O-])c1,1.050005,NIMODIPINE,Inactive
COc1ccc(-c2nc3cc(C4=NNC(=O)CC4C)ccc3[nH]2)cc1,1.0501,PIMOBENDAN,Inactive
COc1cc(C=CC(N)=O)cc(OC)c1OC,1.0503,CINTRIAMIDE,Inactive
CC(=O)NCCc1ccc(O)c(-c2c(O)c(O)c3c(c2O)C(=O)c2c(cc(O)c(C(=O)O)c2C(=O)O)C3=O)c1,1.050305,LACCAIC ACID A,Inactive
CC=CC(=O)N(CC)c1ccccc1C,1.050335,CROTAMITON,Inactive
O=C(OC1Cc2c(O)cc(O)cc2OC1c1ccc(O)c(O)c1)c1cc(O)c(O)c(O)c1,1.05055,EPICATECHIN MONOGALLATE,Inactive
Nc1nc(=O)c2c([nH]1)NCC(CNc1ccc(C(=O)NC(CCC(=O)[O-])C(=O)[O-])cc1)N2C=O.[Ca+2],1.050565,LEUCOVORIN CALCIUM,Inactive
O=C1O[Bi](O)Oc2ccccc21,1.0506,BISMUTH SUBSALICYLATE,Inactive
COC1=CC2C3Cc4ccc(OC)c(O)c4C2(CCN3C)CC1=O,1.050785,SINOMENINE,Inactive
CNC(=O)Oc1cccc2ccccc12,1.0508,CARBARIL,Inactive
OCC(CO)NC1CC(O)(CO)C(O)C(O)C1O,1.05097,VOGLIBOSE,Inactive
Cn1c(=O)cc(N2CCCC(N)C2)n(Cc2ccccc2C#N)c1=O.O=C(O)c1ccccc1,1.05103,ALOGLIPTIN BENZOATE,Inactive
CCC(C(N)=O)N1CCCC1=O,1.0511,LEVETIRACETAM,Inactive
Nc1ncnc2c1ncn2C1OC(COP(=O)(O)O)C(O)C1O,1.05115,ADENOSINE 5-MONOPHOSPHATE,Inactive
CCCCCC=CCCC(=O)NC1C(Oc2c3cc4cc2Oc2ccc(cc2Cl)C(OC2OC(CO)C(O)C(O)C2NC(C)=O)C2NC(=O)C(NC(=O)C4NC(=O)C4NC(=O)C(Cc5ccc(c(Cl)c5)O3)NC(=O)C(N)c3ccc(O)c(c3)Oc3cc(O)cc4c3)c3ccc(O)c(c3)-c3c(OC4OC(CO)C(O)C(O)C4O)cc(O)cc3C(C(=O)O)NC2=O)OC(CO)C(O)C1O,1.05125,TEICOPLANIN [A(2-1) shown],Inactive
C=C(C)C1CC=C(CO)CC1,1.05125,PERILLYL ALCOHOL,Inactive
O=C(O)C1OC(Oc2cc3oc(-c4ccccc4)cc(=O)c3c(O)c2O)C(O)C(O)C1O,1.05125,BAICALIN,Inactive
O=C1c2ccccc2C(=O)c2c(O)c(O)cc(O)c21,1.0516,PURPURIN,Inactive
CC12CC(=O)C3C(CCC4=CC(=O)CCC43C)C1CCC2=O,1.05185,ADRENOSTERONE,Inactive
CC1=C(CC(=O)O)c2cc(F)ccc2C1=Cc1ccc(S(C)=O)cc1,1.05205,SULINDAC,Inactive
N#CC(OC1OC(COC2OC(CO)C(O)C(O)C2O)C(O)C(O)C1O)c1ccccc1,1.05205,AMYGDALIN,Inactive
CCCC1OC2CC3C4CCC5=CC(=O)C=CC5(C)C4C(O)CC3(C)C2(C(=O)CO)O1,1.0521,BUDESONIDE,Inactive
CCN(CC)CC#CCOC(=O)C(O)(c1ccccc1)C1CCCCC1.Cl,1.0522,OXYBUTYNIN CHLORIDE,Inactive
CC1CC(=O)NN=C1c1ccc(NN=C(C#N)C#N)cc1,1.0523,LEVOSIMENDAN,Inactive
COc1cc2c(cc1OC)C13CCN4CC5=CCOC6CC(=O)N2C1C6C5CC43,1.05275,BRUCINE,Inactive
COc1ccc(-c2coc3cc(O)ccc3c2=O)cc1,1.053,FORMONONETIN,Inactive
C[N+]1(C)C2CC(OC(=O)C(CO)c3ccccc3)CC1C1OC12.[Br-],1.05335,METHSCOPOLAMINE BROMIDE,Inactive
CCC1(O)CC(O)c2c(cc3c(c2O)C(=O)c2c(O)ccc(O)c2C3=O)C1C(=O)OC,1.053355,RUTILANTINONE,Inactive
C[N+](C)(C)CCCCCCCCCC[N+](C)(C)C.[Br-].[Br-],1.0534,DECAMETHONIUM BROMIDE,Inactive
C#CC(C)(O)CC,1.0534,MEPARFYLON,Inactive
CC1CCC2C(C)(C)C3CC12CCC3(C)O,1.0535,CEDROL,Inactive
CC(C=CC=C(C)C=CC(=O)C1(C)CC(O)CC1(C)C)=CC=CC=C(C)C=CC=C(C)C=CC1=C(C)CC(O)CC1(C)C,1.053535,CAPSANTHIN,Inactive
COc1cc(O)c2c(=O)c3cc(OC)c(OC)cc3oc2c1,1.0536,"MAGNIFERITIN 3,6,7-TRIMETHYL ETHER",Inactive
CC(C)=CCOc1cc2oc(=O)ccc2cc1O,1.05385,PRENYLETIN,Inactive
CC=CCC(C)C(O)C1C(=O)NC(CC)C(=O)N(C)CC(=O)N(C)C(CC(C)C)C(=O)NC(C(C)C)C(=O)N(C)C(CC(C)C)C(=O)NC(C)C(=O)NC(C)C(=O)N(C)C(CC(C)C)C(=O)N(C)C(CC(C)C)C(=O)N(C)C(C(C)C)C(=O)N1C,1.0539,CYCLOSPORINE,Inactive
COc1cc2nc(N(C)CCCNC(=O)C3CCCO3)nc(N)c2cc1OC.Cl,1.0539,ALFUZOSIN HYDROCHLORIDE,Inactive
CC1(C)C(C=C(Cl)Cl)C1C(=O)OCc1cccc(Oc2ccccc2)c1,1.05395,PERMETHRIN,Inactive
CC(=O)CC(c1ccccc1)c1c(O)c2ccccc2oc1=O,1.0541,WARFARIN,Inactive
O=c1[nH]cnc2nc[nH]c12,1.05415,HYPOXANTHINE,Inactive
CN1C(CC(=O)c2ccccc2)CCCC1CC(O)c1ccccc1.Cl,1.05425,LOBELINE HYDROCHLORIDE,Inactive
CCC=CCC=CCC=CCC=CCC=CCC=CCCC(=O)O,1.05425,DOCONEXENT,Inactive
CC1(C)OC2CC3C4CCC5=CC(=O)C=CC5(C)C4C(O)CC3(C)C2(C(=O)CO)O1,1.05435,DESONIDE,Inactive
O=C1CCCC2C3CCCN4CCCC(CN12)C34,1.05445,MATRINE,Inactive
CC(=O)OC1C(=O)C2(C)C(O)CC3OCC3(OC(C)=O)C2C(OC(=O)c2ccccc2)C2(O)CC(OC(=O)C(O)C(NC(=O)c3ccccc3)c3ccccc3)C(C)=C1C2(C)C,1.0545,PACLITAXEL,Inactive
COc1ccc2c(c1)C(=O)N(CCc1ccc(S(=O)(=O)NC(=O)NC3CCCCC3)cc1)C(=O)C2(C)C,1.0545,GLIQUIDONE,Inactive
CC(N)C(O)c1ccc(O)c(O)c1,1.05455,LEVONORDEFRIN,Inactive
Cc1ncc(CO)c(CO)c1O.Cl,1.0547,PYRIDOXINE HYDROCHLORIDE,Inactive
CC(C=CC=C(C)C=CC1=C(C)C(=O)CCC1(C)C)=CC=CC=C(C)C=CC=C(C)C=CC1=C(C)C(=O)CCC1(C)C,1.05475,CANTHAXANTHIN (euglenanone),Inactive
C[Se]CCC(N)C(=O)O,1.0549,SELENOMETHIONINE,Inactive
COc1cc(OC)c2ccc(=O)oc2c1,1.05495,CITROPTEN,Inactive
CN(C)c1cc(NC(=O)CNC(C)(C)C)c(O)c2c1CC1CC3C(N(C)C)C(O)=C(C(N)=O)C(=O)C3(O)C(O)=C1C2=O,1.05525,TIGECYCLINE,Inactive
Cc1cc(=O)oc2c(O)c(O)ccc12,1.055345,4-METHYLDAPHNETIN,Inactive
CC(C)(Oc1ccc(C2CC2(Cl)Cl)cc1)C(=O)O,1.05545,CIPROFIBRATE,Inactive
CCCSc1ccc2nc(NC(=O)OC)[nH]c2c1,1.0558,ALBENDAZOLE,Inactive
C[N+](C)(C)CCO.[Cl-],1.05615,CHOLINE CHLORIDE,Inactive
CN1CCN(C(=O)OC2c3nccnc3C(=O)N2c2ccc(Cl)cn2)CC1,1.0562,ESZOPICLONE,Inactive
O=C1C(=Cc2cccs2)CCCC1=Cc1cccs1,1.05665,TENYLIDONE,Inactive
CCCCCN(CCCCC)C(=O)C(CCC(=O)[O-])NC(=O)c1ccc(Cl)c(Cl)c1.[Na+],1.0567,LORGLUMIDE SODIUM,Inactive
COc1cc(C)c(C(=O)Oc2cc(C)c(C(=O)O)c(O)c2C)c(OC)c1C,1.057,DIFFRACTAIC ACID,Inactive
OCC(O)C(O)C(O)C(O)C(O)CO,1.0572,PERSEITOL,Inactive
COC(=O)Nc1nc2cc(C(=O)c3cccs3)ccc2[nH]1,1.05735,NOCODAZOLE,Inactive
NC(=O)NC(CCC(=O)O)C(=O)O,1.057535,CARGLUMIC ACID,Inactive
NCCCCC(NC(CCc1ccccc1)C(=O)O)C(=O)N1CCCC1C(=O)O,1.05765,LISINOPRIL,Inactive
CC1(C)SC2C(NC(=O)C(N)c3ccccc3)C(=O)N2C1C(=O)[O-].[Na+],1.05771,AMPICILLIN SODIUM,Inactive
CCCCCCCC(=O)OCC(COC(=O)CCCCCCC)OC(=O)CCCCCCC,1.05775,CAPRYILIDENE,Inactive
C#CC1(O)CCC2C3CCC4=CC(=O)CCC4C3CCC21C,1.0578,NORETHINDRONE,Inactive
C=CC(C1=CC(=O)C(OC)=CC1=O)c1ccc(O)cc1,1.05785, 4-METHOXY-4'-HYDROXY-DALBERGIONE,Inactive
NC(CCC(=O)NC(CS)C(=O)NCC(=O)O)C(=O)O,1.05805,GLUTATHIONE,Inactive
O=C1CN(N=Cc2ccc(-c3ccc([N+](=O)[O-])cc3)o2)C(=O)[N-]1.[Na+],1.05815,DANTROLENE SODIUM,Inactive
COc1ccc2nc(S(=O)Cc3ncc(C)c(OC)c3C)[nH]c2c1,1.0582,OMEPRAZOLE,Inactive
Cc1ccc(S(=O)(=O)NC(=O)NN2CCCCCC2)cc1,1.05825,TOLAZAMIDE,Inactive
COC1=CC(C)C2CC3OC(=O)CC4C(C)=C(OC)C(=O)C(C2(C)C1=O)C34C,1.0583,QUASSIN,Inactive
CCOP(=S)(OCC)Oc1nc(Cl)c(Cl)cc1Cl,1.0584,CHLORPYRIFOS,Inactive
CC1OC(OC2C(O)CC(OC3C(O)CC(OC4CCC5(C)C(CCC6C5CCC5(C)C(C7=CC(=O)OC7)CCC65O)C4)OC3C)OC2C)CC(O)C1O,1.05843,DIGITOXIN,Inactive
O=c1[nH]c(=O)n(C2CC(O)C(CO)O2)cc1I,1.0588,IDOXURIDINE,Inactive
CCCCOc1ccc(OCCCN2CCOCC2)cc1.Cl,1.05885,PRAMOXINE HYDROCHLORIDE,Inactive
CC(=Cc1ccccc1)C=C1SC(=S)N(CC(=O)O)C1=O,1.05885,EPALRESTAT,Inactive
CC1(C(=O)[O-])CCC2(C)CCC3(C)C(=CC(=O)C4C5(C)CCC(OC(=O)CCC(=O)[O-])C(C)(C)C5CCC43C)C2C1.[Na+].[Na+],1.05895,CARBENOXOLONE SODIUM,Inactive
CC(C)c1c(O)c(-c2cc3c(c(C(C)C)c2O)CCC2C(C)(C)CCCC32C)cc2c1CCC1C(C)(C)CCCC21C,1.05895,PODOTOTARIN,Inactive
COc1ccc2cc3[n+](cc2c1OC)CCc1cc2c(cc1-3)OCO2.[Cl-],1.0591,BERBERINE CHLORIDE,Inactive
Nc1nc2c(ncn2COCCO)c(=O)[nH]1,1.05915,ACYCLOVIR,Inactive
CC1(C(=O)[O-])CCC2(C)CCC3C(=CC(=O)C4C3(C)CCC3C(C)(C)C(OC5OC(C(=O)[O-])C(OC6OC(C(=O)[O-])C(O)C(O)C6O)C(O)C5O)CCC34C)C2C1.[NH4+].[NH4+].[NH4+],1.05925,"GLYCYRRHIZIC ACID, AMMONIUM SALT",Inactive
CC(=O)OC1CC2(C)C(c3ccoc3)CC3OC32C2(C)C(=O)C(O)=C3C(C)(C)C(=O)C=CC3(C)C12,1.0593,ANTHOTHECOL,Inactive
CN(C)CCOC(=O)C(c1ccccc1)C1(O)CCCC1.Cl,1.05935,CYCLOPENTOLATE HYDROCHLORIDE,Inactive
NC(Cc1c[nH]c2ccccc12)C(=O)O,1.0594,TRYPTOPHAN (L),Inactive
CC(C)(C)CC(C)(C)c1cc(Cc2cc(C(C)(C)CC(C)(C)C)cc(-n3nc4ccccc4n3)c2O)c(O)c(-n2nc3ccccc3n2)c1,1.05955,BISOCTRIZOLE,Inactive
C=C1CCC=C(C)CCC2C1CC2(C)C.O,1.05975,(-)E-CARYOPHYLLENE hydrate,Inactive
CCCCCCCCCCCCCCCC(=O)NCCO,1.05985,PALMIDROL [5mM],Inactive
CC1C=CC=CCCC=CC=CC=CC=CC(OC2OC(C)C(O)C(N)C2O)CC2OC(O)(CC(O)C(O)CCC(O)CC(O)CC(O)CC(=O)OC(C)C(C)C1O)CC(O)C2C(=O)O,1.05995,NYSTATIN,Inactive
CC(NCCc1ccc(O)cc1)C(O)c1ccc(O)cc1.Cl,1.06005,RITODRINE HYDROCHLORIDE,Inactive
Cl.OC(CNCC(O)C1CCc2cc(F)ccc2O1)C1CCc2cc(F)ccc2O1,1.06025,NEBIVOLOL HYDROCHLORIDE,Inactive
O=C(CCCCC(=O)Nc1c(I)cc(I)c(C(=O)O)c1I)Nc1c(I)cc(I)c(C(=O)O)c1I,1.0603,IODIPAMIDE,Inactive
CC12CCC(CC1)C(C)(C)O2,1.0604,EUCALYPTOL,Inactive
C[N+](C)(C)CCO.Cn1c(=O)c2[n-]cnc2n(C)c1=O,1.0605,OXTRIPHYLLINE,Inactive
CC(=O)OC(CC(=O)O)[N+](C)(C)C.[Cl-],1.0606,ACETYLCARNITINE,Inactive
CC(=O)OC1CC(O)C(C)(C)C2CC(OC(C)=O)C3(C)C(CCC4(C)C(c5ccoc5)OC(=O)C5OC543)C12C,1.0606,3-DEACETYLKHIVORIN,Inactive
NC(=O)NS(=O)(=O)c1ccc(N)cc1,1.06102,SULFACARBAMIDE,Inactive
CCN(C(C)=O)c1cccc(-c2ccnc3c(C#N)cnn23)c1,1.061125,ZALEPLON,Inactive
COc1ccc(C2CNC(=O)C2)cc1OC1CCCC1,1.06145,ROLIPRAM,Inactive
CC(CCC(=O)O)C1CCC2C3CC=C4CC(O)CCC4(C)C3CCC12C,1.0615,3beta-HYDROXYCHOL-5-ENIC ACID,Inactive
CC(N)C(O)c1ccccc1.Cl,1.06155,"1S,2R-PHENYLPROPANOLAMINE HYDROCHLORIDE",Inactive
O=C(O)C(O)C(O)C(=O)O.OCc1cccnc1,1.06165,NICOTINYL ALCOHOL TARTRATE,Inactive
CCC1C=C2C(=O)OC(=O)C2CC2=C(C(=O)OC2=O)C(OC(C)=O)C1CC,1.0621,GLAUCONIC ACID ACETATE,Inactive
CC(C)(C)NCC(O)c1ccccc1Cl.Cl,1.0622,TULOBUTEROL HYDROCHLORIDE,Inactive
O=c1cccc(C=Cc2ccc3c(c2)OCO3)o1,1.06244,"6-(3,4-METHYLENEDIOXYSTYRYL)-alpha-PYRONE",Inactive
O=C(O)C=C(CC(=O)O)C(=O)O,1.062525,ACONITIC ACID,Inactive
N#CC1CC2CC2N1C(=O)C(N)C12CC3CC(CC(O)(C3)C1)C2,1.0626,SAXAGLIPTIN,Inactive
C#CC1(O)CCC2C3CCC4=CC(=O)CCC4(C)C3CCC21C,1.0627,ETHISTERONE,Inactive
CCC(=O)c1c(O)cc(O)cc1O,1.0627,FLOPROPIONE,Inactive
O=c1cc(-c2ccc(O)cc2)oc2cc(O)cc(O)c12,1.0628,APIGENIN,Inactive
Cc1c(CCC(=O)O)c2cc3[nH]c(cc4nc(cc5[nH]c(cc1n2)c(C)c5C(C)O)c(C)c4C(C)O)c(C)c3CCC(=O)O,1.06285,HEMATOPORPHYRIN,Inactive
O=C1c2c(O)cc(CO)cc2C(OC2OC(CO)C(O)C(O)C2O)c2cccc(OC3OC(CO)C(O)C(O)C3O)c21,1.06305,CASANTHRANOL [cascaroside A shown],Inactive
CC(C)CCCC(C)C1CCC2C3CCC4CC(O)CCC4(C)C3CCC12C,1.0631,5alpha-CHOLESTANOL,Inactive
CC(C)CCCC(C)NC(C)C.Cl,1.06315,IPROHEPTINE HYDROCHLORIDE,Inactive
COc1cc(O)c(C(=O)c2ccccc2)cc1S(=O)(=O)O,1.0632,SULISOBENZONE,Inactive
Br.COc1ccc2c(c1)C13CCCCC1C(C2)N(C)CC3,1.06345,DEXTROMETHORPHAN HYDROBROMIDE,Inactive
Cl.O=c1n(CCCN2CCN(c3cccc(Cl)c3)CC2)nc2ccccn12,1.0635,TRAZODONE HYDROCHLORIDE,Inactive
Nc1nc(=O)n(C2CSC(CO)O2)cc1F,1.06365,EMTRICITABINE,Inactive
Cn1nnc2c(C(N)=O)ncn2c1=O,1.06395,TEMOZOLOMIDE,Inactive
C=C1CC2C3C=C(C)C4=CC(=O)CCC4(C)C3CCC2(C)C1(OC(C)=O)C(C)=O,1.06436,MELENGESTROL ACETATE,Inactive
CC(=O)OC1CCC2(C)C(CC(OC(C)=O)C3(C)C2CCC2(C)C(c4ccoc4)OC(=O)C4OC423)C1(C)C,1.064445,3beta-ACETOXYDEOXODIHYDROGEDUNIN,Inactive
CC(C)(C(=O)c1cccnc1)c1cccnc1,1.06465,METYRAPONE,Inactive
O=C([O-])c1ccccc1O.[Na+],1.0648,SODIUM SALICYLATE,Inactive
CNCC(O)c1ccc(O)cc1.CNCC(O)c1ccc(O)cc1.O=C(O)C(O)C(O)C(=O)O,1.06485,SYNEPHRINE TARTRATE,Inactive
C[n+]1ccccc1C=NO.[Cl-],1.0649,PRALIDOXIME CHLORIDE,Inactive
O=C(NCCCN1CCOCC1)c1ccc(Cl)cc1,1.0649,EPROBEMIDE,Inactive
COc1ccc(C2COc3c(ccc(O)c3OC)C2)c(OC)c1O,1.0649,DUARTIN (-),Inactive
O=Cc1ccccc1OC1OC(CO)C(O)C(O)C1O,1.0651,HELICIN,Inactive
CN1C2CCCC1CC(NC(=O)c1nn(C)c3ccccc13)C2.Cl,1.065195,GRANISETRON HYDROCHLORIDE,Inactive
O=NN(CCCl)C(=O)NC1CCCCC1,1.065325,LOMUSTINE,Inactive
CC12CCC3c4ccc(O)cc4CCC3C1CC(O)C2O,1.06535,EPIESTRIOL,Inactive
C=C1C(=O)OC2CC3(C)CCCC(C)C3=CC12,1.0655,HELENINE,Inactive
CC(C)CC1C(=O)N2CCCC2C2(O)OC(NC(=O)C3C=C4c5cccc6[nH]c(Br)c(c56)CC4N(C)C3)(C(C)C)C(=O)N12.CS(=O)(=O)O,1.0657,BROMOCRIPTINE MESYLATE,Inactive
CC(=O)OC1(C(C)=O)CCC2C3C=C(Cl)C4=CC(=O)C5CC5C4(C)C3CCC21C,1.06585,CYPROTERONE ACETATE,Inactive
CC(C)(S)C(N)C(=O)O.NCCO,1.06585,PENICILLAMINE ETHANOLAMINE SALT,Inactive
O=C(O)C(O)C(O)C(O)C(O)C(=O)O,1.065875,MUCIC ACID,Inactive
COC1=C(O)C(=O)c2c(cc3oc(C(C)=O)c(O)c3c2O)C1=O,1.06615,RHODOCLADONIC ACID,Inactive
C=CC1CN2CCC1CC2C(O)c1ccnc2ccc(OC)cc12.Cl,1.06625,QUININE HDROCHLORIDE,Inactive
CC1(C)OC2CC3C4CC(F)C5=CC(=O)C=CC5(C)C4C(O)CC3(C)C2(C(=O)CO)O1,1.0663,FLUNISOLIDE,Inactive
O=C(O)c1c2ccccc2cc2ccccc12,1.06635,ANTHRACENE-9-CARBOXYLIC ACID,Inactive
CC(C)CC(CN)CC(=O)O,1.06675,PREGABALIN,Inactive
CC(=O)OC1CC2C(C)(C)C(=O)C3OC3C2(C)C2CCC3(C)C(c4ccoc4)OC(=O)C4OC43C12C,1.06695,EPOXYGEDUNIN,Inactive
O=S(=O)([O-])CCSSCCS(=O)(=O)[O-].[Na+].[Na+],1.0672,DIMESNA,Inactive
CC1=NCCC2c3ccc(O)cc3NC12,1.0672,HARMALOL,Inactive
CN1CCN(C2=Nc3cc(Cl)ccc3Nc3ccccc32)CC1,1.06725,CLOZAPINE,Inactive
CC(CCC(=O)O)C1CCC2C3CCC4CCCCC4(C)C3CCC12C,1.0678,URSOCHOLANIC ACID,Inactive
CCCCCC(=O)OC1(C(C)=O)CCC2C3CCC4=CC(=O)CCC4(C)C3CCC21C,1.0679,HYDROXYPROGESTERONE CAPROATE,Inactive
Cl.Oc1noc2c1CCNC2,1.06795,GABOXADOL HYDROCHLORIDE,Inactive
O=C(O)COc1nn(Cc2ccccc2)c2ccccc12,1.0682,BENDAZAC,Inactive
COc1ccc(-c2coc3c(O)c(O)c(OC)cc3c2=O)cc1,1.06835,DIPTERYXIN,Inactive
NC(=O)c1ccc[n+](C2OC(COP(=O)([O-])OP(=O)(O)OCC3OC(n4cnc5c(N)ncnc54)C(O)C3O)C(O)C2O)c1,1.0684,NADIDE,Inactive
CC(=O)OCC(CCn1cnc2cnc(N)nc21)COC(C)=O,1.06845,FAMCICLOVIR,Inactive
CCOC(=O)C1C(C=C(C)C)C1(C)C,1.06845,"CHRYSANTHEMIC ACID, ETHYL ESTER",Inactive
CC(=O)OC1CCC2(C)C(=CCC3C4CCC(=O)C4(C)CCC32)C1,1.0688,PRASTERONE ACETATE,Inactive
COC(=O)C(c1ccccc1)C1CCCCN1.Cl,1.0689,METHYLPHENIDATE HYDROCHLORIDE,Inactive
COc1ccc(-c2cc(=O)c3c(O)cc(OC)cc3o2)cc1,1.0689,APIGENIN DIMETHYL ETHER,Inactive
NC(=O)NC(=O)Cc1ccccc1,1.06895,PHENACEMIDE,Inactive
C=C1C(C2(C)C=CC(=O)C(C)(C)C2CC(=O)OC)CCC2(C)C(c3ccoc3)OC(=O)C3OC132,1.06915,ANDIROBIN,Inactive
OCC(O)C(O)C(O)C(O)CO,1.06935,MANNITOL,Inactive
COc1ccc(-c2coc3cc(OC)ccc3c2=O)cc1,1.06935,"7,4'-DIMETHOXYISOFLAVONE",Inactive
Nc1cc(N2CCCCC2)nc(N)[n+]1[O-],1.06955,MINOXIDIL,Inactive
Cc1cc(O)c2c(c1)C(=O)c1cccc(O)c1C2=O,1.06955,CHRYSOPHANOL,Inactive
CCc1ccc(CCOc2ccc(CC3SC(=O)NC3=O)cc2)nc1.Cl,1.0698,PIOGLITAZONE HYDROCHLORIDE,Inactive
O=C(NCCO[N+](=O)[O-])c1cccnc1,1.06985,NICORANDIL,Inactive
COc1cc(C=CC(=O)O)cc(OC)c1OC,1.0699,SINAPIC ACID METHYL ETHER,Inactive
Cc1nc2sccn2c(=O)c1CCN1CCC(=C(c2ccc(F)cc2)c2ccc(F)cc2)CC1,1.06995,RITANSERIN,Inactive
CC(CCC(=O)O)C1CCC2C3C(=O)CC4CC(=O)CCC4(C)C3CC(=O)C12C,1.07,DEHYDROCHOLIC ACID,Inactive
CNC(Cc1c[nH]c2ccccc12)C(=O)O,1.07005,ABRINE (L),Inactive
CC(=CCn1c[n+](C)c2c(N)ncnc21)CCC1(C)C(C)CCC2(C)C(C)=CCCC21.[Cl-],1.07017,AGELASINE,Inactive
O=C(CCCl)NCCc1ccccc1,1.0702,FENACLON,Inactive
NC(=O)NCCCC(N)C(=O)O,1.07035,CITRULLINE,Inactive
CC(OC1OCCN(C(C)c2nc(=O)[nH][nH]2)C1c1ccc(F)cc1)c1cc(C(F)(F)F)cc(C(F)(F)F)c1,1.0707,APREPITANT,Inactive
Cc1ccc(C(=O)c2ccc(CC(=O)[O-])n2C)cc1.[Na+],1.0714,TOLMETIN SODIUM,Inactive
Cc1cc(O)c(C=O)c(O)c1C(=O)O,1.0714,HAEMATOMMIC ACID,Inactive
CNC(=O)Oc1ccc2c(c1)C1(C)CCN(C)C1N2C,1.0715,PHYSOSTIGMINE,Inactive
CCOC(=O)C(CCc1ccccc1)NC(C)C(=O)N1CCCC1C(=O)O.O=C(O)C=CC(=O)O,1.07155,ENALAPRIL MALEATE,Inactive
O=C1c2ccccc2C(=O)C1c1ccc(Cl)cc1,1.07155,CHLORINDIONE,Inactive
COC(=O)C(c1ccccc1Cl)N1CCc2sccc2C1.O=S(=O)(O)O,1.07165,CLOPIDOGREL SULFATE,Inactive
c1ccc2c(c1)sc1ccccc12,1.07185,DIBENZOTHIOPHENE,Inactive
CNC(=O)CSP(=S)(OC)OC,1.07185,DIMETHOATE,Inactive
CN1CCC(=C2c3ccccc3CCc3sccc32)CC1.O=C(O)CC(O)C(=O)O,1.07188,PIZOTYLINE MALATE,Inactive
O=C(O)C(O)C(O)(Cc1ccc(O)cc1)C(=O)O,1.0721,PISCIDIC ACID,Inactive
C=CC(C)(O)CCC=C(C)C,1.0722,LINALOOL (+),Inactive
CC(CCc1ccc(O)cc1)NCC(O)c1ccc(O)cc1.Cl,1.0725,RACTOPAMINE HYDROCHLORIDE,Inactive
Cn1c(=O)c2[nH]cnc2n(C)c1=O,1.0726,THEOPHYLLINE,Inactive
CCCCC(=O)OC1(C(=O)CO)CCC2C3CCC4=CC(=O)CCC4(C)C3C(O)CC21C,1.0727,HYDROCORTISONE VALERATE,Inactive
O=P(O)(O)C(O)(Cn1ccnc1)P(=O)(O)O,1.0727,ZOLEDRONIC ACID,Inactive
O=C1OC(CO)C(O)C(O)C1O,1.07285,GLUCONOLACTONE,Inactive
CC(c1cc2ccccc2s1)N(O)C(N)=O,1.0729,ZILEUTON,Inactive
O.O=c1ccc2cc(OC3OC(CO)C(O)C(O)C3O)c(O)cc2o1,1.073075,ESCULIN MONOHYDRATE,Inactive
CC(=O)Oc1c(C)c(C)c2c(c1C)CCC(C)(CCCC(C)CCCC(C)CCCC(C)C)O2,1.0731,alpha-TOCHOPHERYL ACETATE [4mM],Inactive
NC(=O)NO,1.0733,HYDROXYUREA,Inactive
O=C1c2ccccc2C(=O)C1c1ccc(Br)cc1,1.07342,BROMINDIONE,Inactive
CNCCC=C1c2ccccc2CCc2ccccc21.Cl,1.07345,NORTRIPTYLINE HYDROCHLORIDE,Inactive
CNCC(=O)c1ccc(O)c(O)c1.Cl,1.0735,ADRENALONE HYDROCHLORIDE,Inactive
O=S(=O)(O)NC1CCCCC1,1.07355,CYCLAMIC ACID,Inactive
CCC1C2CC3C4N(C)c5ccccc5C45CC(C2C5O)N3C1O,1.07365,AJMALINE,Inactive
CC=C(C)C(=O)OC1CCC2(C)C3CCC4C5(O)CC(O)C6(O)C(CN7CC(C)CCC7C6(C)O)C5(O)CC42OC13O.Cl,1.07365,VERATRINE HYDROCHLORIDE,Inactive
CC(C)=CCCC1(C)C=Cc2c(O)c3c(c(CC=C(C)C)c2O1)OC12C(=CC4CC1C(C)(C)OC2(CC=C(C)C(=O)O)C4O)C3=O,1.0737,DIHYDROGAMBOGIC ACID,Inactive
CS(=O)(=O)c1ccc(C(=O)C2C(=O)CCCC2=O)c([N+](=O)[O-])c1,1.07375,MESOTRIONE,Inactive
CC1(C)C(=O)C=CC2(C)C1=C(O)C(=O)C1(C)C2CCC2(C)C(c3ccoc3)CC3OC321,1.07395,CEDRELONE,Inactive
CC(C)C1=CC2=CCC3C(C)(C(=O)O)CCCC3(C)C2CC1,1.07405,ABIETIC ACID,Inactive
O=C1[N-]C(=O)C(c2ccccc2)(c2ccccc2)N1.[Na+],1.0741,PHENYTOIN SODIUM,Inactive
CNCC(O)C(O)C(O)C(O)CO,1.0742,MEGLUMINE,Inactive
CCCC(=O)Nc1ccc(OCC(O)CNC(C)C)c(C(C)=O)c1.Cl,1.0744,ACEBUTOLOL HYDROCHLORIDE,Inactive
CC12C=CC(=O)C=C1CCC1C2C(O)CC2(C)C1CCC2(O)C(=O)COP(=O)([O-])[O-].[Na+].[Na+],1.07455,PREDNISOLONE SODIUM PHOSPHATE,Inactive
Cc1ccnc2c1NC(=O)c1cccnc1N2C1CC1,1.0746,NEVIRAPINE,Inactive
COC(=O)CC1C(C)(C)C(=O)C2CC3C4=CC(=O)OC(c5ccoc5)C4(C)CCC3C1(C)C2=O,1.07475,CARAPIN,Inactive
CC(=O)OCC(=O)C1(O)CCC2C3CCC4=CC(=O)CCC4(C)C3C(=O)CC21C,1.074795,CORTISONE ACETATE,Inactive
CC1=C(C(=O)O)N2C(=O)C(NC(=O)C(N)C3=CCC=CC3)C2SC1,1.0748,CEPHRADINE,Inactive
COP(=S)(OC)Oc1ccc([N+](=O)[O-])cc1,1.07485,METHYL PARATHIONE,Inactive
CCOC(=O)C1=C(C)NC(C)=C(C(=O)OC)C1c1cccc(Cl)c1Cl,1.0749,FELODIPINE,Inactive
NC(Cc1cc(I)c(Oc2ccc(O)c(I)c2)c(I)c1)C(=O)O,1.07495,LIOTHYRONINE,Inactive
Cc1ccc(NC(=O)c2ccc(CN3CCN(C)CC3)cc2)cc1Nc1nccc(-c2cccnc2)n1,1.075,IMATINIB,Inactive
CC(=O)OC1CC2C(C)(C)C(=O)C=CC2(C)C2CCC3(C)C(=CC(=O)OC3c3ccoc3)C12C,1.07515,DEOXYGEDUNIN,Inactive
Cc1c(N(C)C)c(=O)n(-c2ccccc2)n1C,1.075155,AMINOPYRINE,Inactive
CC12CCC(=O)C=C1C1CC1C1C2CCC2(C)C1C1CC1C21CCC(=O)O1,1.07535,DROSPIRENONE,Inactive
COC1=CC(=O)CC(C)C12Oc1c(Cl)c(OC)cc(OC)c1C2=O,1.0757,GRISEOFULVIN,Inactive
CC(C)(Sc1cc(C(C)(C)C)c(O)c(C(C)(C)C)c1)Sc1cc(C(C)(C)C)c(O)c(C(C)(C)C)c1,1.07575,PROBUCOL,Inactive
Cl.NCC(O)c1ccc(O)cc1,1.07585,OCTOPAMINE HYDROCHLORIDE,Inactive
COc1cccc(OC)c1O,1.076,SYRINGOL,Inactive
CC(C)CC(N)=O,1.0761,ISOVALERAMIDE,Inactive
CC(CCC(=O)O)C1CCC2C3C(O)CC4CC(O)CCC4(C)C3CC(O)C12C,1.0761,CHOLIC ACID,Inactive
CN1CCN(C2=Nc3ccccc3Oc3ccc(Cl)cc32)CC1.O=C(O)CCC(=O)O,1.07655,LOXAPINE SUCCINATE,Inactive
CC=CC1=C(C(=O)O)N2C(=O)C(NC(=O)C(N)c3ccc(O)cc3)C2SC1,1.07655,CEFPROZIL,Inactive
CCCC(=O)OC1(C(=O)CO)CCC2C3CCC4=CC(=O)CCC4(C)C3C(O)CC21C,1.07675,HYDROCORTISONE BUTYRATE,Inactive
O=C(NCc1ccccc1)OCCO,1.0768,BURAMATE,Inactive
NC(C(=O)O)C(O)C(=O)O,1.07685,"d,l-threo-3-HYDROXYASPARTIC ACID",Inactive
COc1ccc2cccc(CCNC(C)=O)c2c1,1.0769,AGOMELATINE,Inactive
COc1cc(C)c(C(=O)Oc2cc(C)c(C(=O)O)c(O)c2)c(O)c1,1.0769,EVERNIC ACID,Inactive
CCN(CC)CCOC(=O)c1ccc(N)cc1.Cl,1.0773,PROCAINE HYDROCHLORIDE,Inactive
CNC(=NC#N)NCCSCc1nc[nH]c1C,1.07765,CIMETIDINE,Inactive
COC(=O)C=CC(=O)OC,1.0777,DIMETHYL FUMARATE,Inactive
N#CCC(=O)NN,1.07775,CYACETACIDE,Inactive
C=C(CC)C(=O)c1ccc(OCC(=O)O)c(Cl)c1Cl,1.07795,ETHACRYNIC ACID,Inactive
CC(=O)OC1CCC2(C)C(=CC=C3C2CCC2(C)C3CCC2C(C)C=CC(C)C(C)C)C1(C)C,1.0787,ERGOSTEROL ACETATE,Inactive
CCC1(O)CC2CN(CCc3c([nH]c4ccccc34)C(C(=O)OC)(c3cc4c(cc3OC)N(C=O)C3C(O)(C(=O)OC)C(OC(C)=O)C5(CC)C=CCN6CCC43C65)C2)C1.O=S(=O)(O)O,1.0791,VINCRISTINE SULFATE,Inactive
Oc1ccnc(S)n1,1.07925,2-THIOURACIL,Inactive
Cl.NC(COP(=O)(O)O)C(=O)O,1.07945,DEXFOSFOSERINE HYDROCHLORIDE,Inactive
CCCc1nc(C(C)(C)O)c(C(=O)O)n1Cc1ccc(-c2ccccc2-c2nn[nH]n2)cc1,1.0798,OLMESARTAN,Inactive
CCCOc1ccccc1-c1nc2[nH]nnc2c(=O)[nH]1,1.0798,ZAPRINAST,Inactive
COc1cc2c(cc1OC)C1C(=O)c3c(O)cc4c(c3OC1CO2)C=CC(C)(C)O4,1.07985,alpha-TOXICAROL (dl),Inactive
CC(C)CCCC(C)C1CCC2C3CC=C4CC(=O)CCC4(C)C3CCC12C,1.0801,CHOLEST-5-EN-3-ONE,Inactive
OCC1OC(OC2C(O)C(CO)OC2(CO)OC2OC(CO)C(O)C(O)C2O)C(O)C(O)C1O,1.0802,MELEZITOSE,Inactive
CC(=O)Oc1ccc(C(c2ccc(OC(C)=O)cc2)c2ccccn2)cc1,1.0804,BISACODYL,Inactive
O=P([O-])(O)C(O)(Cc1cccnc1)P(=O)(O)O.[Na+],1.0804,RISEDRONATE SODIUM,Inactive
CC(=O)C1(O)CCC2C3CC(C)C4=CC(=O)C=CC4(C)C3(F)C(O)CC21C,1.080425,FLUOROMETHOLONE,Inactive
COC1=CC(=O)C(O)=CC1=CC=Cc1ccccc1,1.08075,OBTUSAQUINONE,Inactive
NC(=O)c1cc[n+](CC2=C(C(=O)[O-])N3C(=O)C(NC(=O)C(c4ccccc4)S(=O)(=O)[O-])C3SC2)cc1.[Na+],1.08095,CEFSULODIN SODIUM,Inactive
NC(CO)C(=O)O,1.08095,SERINE (L),Inactive
COc1cc(C(=O)NC2CCCNC2)cc(OC)c1OC,1.08095,TROXIPIDE,Inactive
NC(=O)Cc1cccc(C(=O)c2ccccc2)c1N,1.081,NEPAFENAC,Inactive
C=CCc1ccc2c(c1)OCO2,1.08155,SAFROLE,Inactive
CC1OC(OC2C(Oc3cc(O)c4c(=O)cc(-c5ccc(O)cc5)oc4c3)OC(CO)C(O)C2O)C(O)C(O)C1O,1.0816,RHOIFOLIN,Inactive
CC(=O)Nc1cccc(O)c1,1.0818,METACETAMOL,Inactive
COc1ccc(-c2cc(=O)c3c(OC)cc(OC)cc3o2)cc1,1.08185,"5,7,4'-TRIMETHOXYFLAVONE",Inactive
CC(C)(C)NCC(O)c1cc(Cl)c(N)c(Cl)c1.Cl,1.0819,CLENBUTEROL HYDROCHLORIDE,Inactive
OCC(S)CS,1.08205,DIMERCAPROL,Inactive
O=c1c(O)c(-c2ccccc2)oc2cc(O)ccc12,1.0821,"3,7-DIHYDROXYFLAVONE",Inactive
COc1ccc2nc3cc(Cl)ccc3c(Nc3cc(CN4CCCC4)c(O)c(CN4CCCC4)c3)c2n1.O=P(O)(O)O.O=P(O)(O)O.O=P(O)(O)O.O=P(O)(O)O,1.08215,PYRONARIDINE TETRAPHOSPHATE,Inactive
C=CCC1(O)CCC2C3CCC4=CC(=O)CCC4=C3C=CC21C,1.0823,ALTRENOGEST,Inactive
COc1ccc(-c2oc3c(CC=C(C)C)c(OC4OC(CO)C(O)C(O)C4O)cc(O)c3c(=O)c2OC2OC(C)C(O)C(O)C2O)cc1,1.0824,ICARIIN,Inactive
O=c1cc(-c2ccccc2O)oc2cc(O)ccc12,1.0826,"7,2'-DIHYDROXYFLAVONE",Inactive
CN(C)CCCC1(c2ccc(F)cc2)OCc2cc(C#N)ccc21.O=C(O)C(=O)O,1.0829,ESCITALOPRAM OXALATE,Inactive
CNNCc1ccc(C(=O)NC(C)C)cc1,1.0831,PROCARBAZINE HYDROCHLORIDE,Inactive
CCOC(N)=O,1.0832,URETHANE,Inactive
CN1CCN(CC(=O)N2c3ccccc3C(=O)Nc3cccnc32)CC1.Cl.Cl,1.08335,PIRENZEPINE HYDROCHLORIDE,Inactive
COc1cc(C(=O)O)cc(OC)c1OC,1.08365,EUDESMIC ACID,Inactive
CC(CN1CC(=O)NC(=O)C1)N1CC(=O)NC(=O)C1,1.0837,DEXRAZOXANE,Inactive
O=c1[nH]cnc2c1ncn2C1OC(CO)C(O)C1O,1.0839,INOSINE,Inactive
C=CCSCC1Nc2cc(Cl)c(S(N)(=O)=O)cc2S(=O)(=O)N1,1.08395,ALTHIAZIDE,Inactive
CC(NC(CCc1ccccc1)C(=O)O)C(=O)N1Cc2ccccc2CC1C(=O)O,1.08395,QUINAPRILAT,Inactive
CCN(CC)CCOCCOC(=O)C1(c2ccccc2)CCCC1.O=C(O)CC(O)(CC(=O)O)C(=O)O,1.0842,CARBETAPENTANE CITRATE,Inactive
CC1OC1P(=O)([O-])[O-].[Ca+2],1.0843,FOSFOMYCIN CALCIUM,Inactive
CC1CC2C3CCC4=CC(=O)C=CC4(C)C3(F)C(O)CC2(C)C1C(=O)CO,1.08435,DESOXYMETASONE,Inactive
COc1ccc(CN(CCN(C)C)c2ncccn2)cc1.Cl,1.08445,THONZYLAMINE HYDROCHLORIDE,Inactive
CCOC(=O)C1=CC2(CC)CCCN3CCc4c(n1c1ccccc41)C32,1.0845,VINPOCETINE,Inactive
CC(=O)Oc1cccc(C(=O)O)c1OC(C)=O,1.0846,DIPYROCETYL,Inactive
O=C(CCCN1CC=C(n2c(=O)[nH]c3ccccc32)CC1)c1ccc(F)cc1,1.08485,DROPERIDOL,Inactive
COC(=O)CC1C(C)(C)C(=O)C2CC3=C4CC(=O)OC(c5ccoc5)C4(C)CCC3C1(C)C2=O,1.085,MEXICANOLIDE,Inactive
CC(=O)Nc1c(I)c(NC(C)=O)c(I)c(C(=O)O)c1I,1.08505,DIATRIZOIC ACID,Inactive
CCCc1cc(C(N)=S)ccn1,1.08535,PROTIONAMIDE,Inactive
Nc1ccc(S(=O)(=O)Nc2ncccn2)cc1,1.0854,SULFADIAZINE,Inactive
COc1cc(C=CC(=O)N2CCC=CC2=O)cc(OC)c1OC,1.08565,PIPLARTINE,Inactive
COc1ccc2c(c1OC)C(=O)OC2C1c2cc3c(cc2CCN1C)OCO3,1.08575,"HYDRASTINE (1R, 9S)",Inactive
Cl.O=C(c1ccc(OCCN2CCCCC2)cc1)c1c(-c2ccc(O)cc2)sc2cc(O)ccc12,1.08635,RALOXIFENE HYDROCHLORIDE,Inactive
C1CCN2CC3CC(CN4CCCCC34)C2C1.O=S(=O)(O)O,1.0865,SPARTEINE SULFATE,Inactive
Oc1cccc(O)c1,1.08655,RESORCINOL,Inactive
O=c1cc(-c2ccc(O)cc2)oc2cc(O)ccc12,1.0866,"7,4'-DIHYDROXYFLAVONE",Inactive
CCC(=O)NCCC1CCc2ccc3c(c21)CCO3,1.0867,RAMELTEON,Inactive
O=C(Nc1c(Cl)cncc1Cl)c1ccc(OC(F)F)c(OCC2CC2)c1,1.0867,ROFLUMILAST,Inactive
COc1cc2c(cc1-c1coc3c4c(c(OC)cc3c1=O)OC(C)(C)CC4)OCO2,1.0868,DIHYDROICTHYONE,Inactive
O=C1C(CCS(=O)c2ccccc2)C(=O)N(c2ccccc2)N1c1ccccc1,1.087,SULFINPYRAZONE,Inactive
CCOCC(O)COc1ccc(NC(=O)CC[S+](C)C)cc1.Cc1ccc(S(=O)(=O)[O-])cc1,1.087,SUPLATAST TOSYLATE,Inactive
CCC1OC(=O)CC(O)C(C)C(OC2OC(C)C(OC3CC(C)(O)C(O)C(C)O3)C(N(C)C)C2O)C(CC=O)CC(C)C(=O)C=CC(C)=CC1COC1OC(C)C(O)C(OC)C1OC.O=C(O)C(O)C(O)C(=O)O,1.08705,TYLOSIN TARTRATE,Inactive
CC1CC(OC(=O)C(O)c2ccccc2)CC(C)(C)C1,1.08705,CYCLANDELATE,Inactive
O=c1ccc2ccccc2o1,1.08715,COUMARIN,Inactive
CCOC(=O)n1ccn(C)c1=S,1.08725,CARBIMAZOLE,Inactive
CC(O)CN1CCN(CC(=O)[O-])CCN(CC(=O)[O-])CCN(CC(=O)[O-])CC1.[Gd+3],1.08735,GADOTERIDOL,Inactive
COc1ccc(CN(CCN(C)C)c2ccccn2)cc1.O=C(O)C=CC(=O)O,1.08745,PYRILAMINE MALEATE,Inactive
Cn1c(=O)c2c(ncn2CC(=O)O)n(C)c1=O,1.0876,ACEFYLLINE,Inactive
O=C(O)COC(=O)Cc1ccccc1Nc1c(Cl)cccc1Cl,1.08765,ACECLOFENAC,Inactive
CCOC1OC2OC3(C)CCC4C(C)CCC(C1C)C24OO3,1.08765,ARTEMOTIL,Inactive
COc1ccc(C(=O)CC(=O)c2ccc(C(C)(C)C)cc2)cc1,1.08795,AVOBENZONE,Inactive
CCCCCCOC(=O)N=C(N)c1ccc(NCc2nc3cc(C(=O)N(CCC(=O)OCC)c4ccccn4)ccc3n2C)cc1.CS(=O)(=O)O,1.088,DABIGATRAN ETEXILATE MESYLATE,Inactive
COc1cc(C(=O)N2CCOCC2)cc(OC)c1OC,1.088395,TRIMETOZINE,Inactive
NC(=O)c1cnccn1,1.08865,PYRAZINAMIDE,Inactive
Cc1ccc(S(=O)(=O)NC(=O)NN2CC3CCCC3C2)cc1,1.08865,GLICLAZIDE,Inactive
Cl.Cn1c(CCCC(=O)O)nc2cc(N(CCCl)CCCl)ccc21,1.0888,BENDAMUSTINE HYDROCHLORIDE,Inactive
CC(=O)Oc1ccc2c(C)cc(=O)oc2c1,1.0889,ACETYL HYMETOCHROME,Inactive
CC(=O)NO,1.08895,ACETOHYDROXAMIC ACID,Inactive
CN(Cc1ccc(C(C)(C)C)cc1)Cc1cccc2ccccc12.Cl,1.089,BUTENAFINE HYDROCHLORIDE,Inactive
C=C1CC=C(C)CCC2C1CC2(C)C,1.089,CARYOPHYLLENE [t(-)],Inactive
CC(=O)OC1CC2CC(OC(C)=O)C3(C)C(CCC4(C)C(c5ccoc5)OC(OC(C)=O)C5OC543)C2(C)C(OC(C)=O)C1,1.0894,ACETYL-DIHYDRO-7-EPIKHIVORIN,Inactive
C=CC(C1=CC(=O)C(OC)=CC1=O)c1ccccc1,1.0902,4-METHOXYDALBERGIONE,Inactive
O=C1CCC(N2C(=O)c3ccccc3C2=O)C(=O)N1,1.0903,THALIDOMIDE,Inactive
CC(C)(O)CCC(O)C(C)(O)C1CCC2(O)C3=CC(=O)C4CC(O)C(O)CC4(C)C3CCC12C,1.0903,CRUSTECDYSONE,Inactive
CC(CCc1ccccc1)NCC(O)c1ccc(O)c(C(N)=O)c1.Cl,1.09035,LABETALOL HYDROCHLORIDE,Inactive
CCN1CC(CCN2CCOCC2)C(c2ccccc2)(c2ccccc2)C1=O.Cl,1.0904,DOXAPRAM HYDROCHLORIDE,Inactive
Cl.Clc1ccc2c(c1)CCc1cccnc1C2=C1CCNCC1,1.09055,DESLORATADINE HYDROCHLORIDE,Inactive
O.O=P1(N(CCCl)CCCl)NCCCO1,1.09065,CYCLOPHOSPHAMIDE,Inactive
Cl.Nc1c(Br)cc(Br)cc1CNC1CCC(O)CC1,1.0907,AMBROXOL HYDROCHLORIDE,Inactive
O=C1OC2(c3ccc(O)cc3Oc3cc(O)ccc32)c2ccccc21,1.0911,FLUORESCEIN,Inactive
COc1ccc(C(=O)O)cc1OC,1.0915,VERATRIC ACID,Inactive
O=C([O-])c1cc(=O)c2c(OCC(O)COc3cccc4oc(C(=O)[O-])cc(=O)c34)cccc2o1.[Na+].[Na+],1.09155,CROMOLYN SODIUM,Inactive
COc1cc(C(C)=O)ccc1O,1.0916,APOCYNIN,Inactive
Cc1ncc(CNC(=O)N(CCCl)N=O)c(N)n1.Cl,1.0917,NIMUSTINE HYDROCHLORIDE,Inactive
CC1CC2C3CC(F)C4=CC(=O)C=CC4(C)C3(F)C(O)CC2(C)C1(O)C(=O)CO,1.0918,FLUMETHASONE,Inactive
COc1c2occc2c(OC)c2c(=O)cc(C)oc12,1.0918,KHELLIN,Inactive
Cc1[nH]c(=O)c(C#N)cc1-c1ccncc1,1.092,MILRINONE,Inactive
COc1ccc2c(c1O)-c1c(OC)c(OC)cc3c1C(C2)N(C)CC3,1.09215,S-ISOCORYDINE (+),Inactive
CNC(=C[N+](=O)[O-])NCCSCc1ccc(CN(C)C)o1.Cl,1.0922,RANITIDINE HYDROCHLORIDE,Inactive
CC(C)NCC(O)COc1cccc2[nH]c3ccccc3c12,1.0922,CARAZOLOL,Inactive
Cl.Cl.O=C1c2c(O)ccc(O)c2C(=O)c2c(NCCNCCO)ccc(NCCNCCO)c21,1.0924,MITOXANTRONE HYDROCHLORIDE,Inactive
CCn1cc(C(=O)O)c(=O)c2cnc(N3CCCC3)nc21,1.09255,PIROMIDIC ACID,Inactive
COc1cc(-c2coc3cc(OC4OC(CO)C(O)C(O)C4O)c(OC)c(O)c3c2=O)cc(O)c1OC,1.093,IRIDIN,Inactive
NCCCC(N)C(=O)O.NCCCC(N)C(=O)O.O=C(O)CCC(=O)C(=O)O,1.09305,ORNITHINE aKETOGLUTARATE,Inactive
CC=Cc1ccc(OC)cc1,1.09355,ANETHOLE,Inactive
CC1(C)C(O)CC(=O)C2(C)C1CC(=O)C1(C)C2CCC2(C)C(c3ccoc3)OC(=O)C3OC321,1.0936,"1,7-DIDEACETOXY-1,7-DIOXO-3-DEACETYLKHIVORIN",Inactive
Cc1ncc([N+](=O)[O-])n1C,1.09365,DIMETRIDAZOLE,Inactive
Cl.N=c1ccn2c(n1)OC1C(O)C(CO)OC12,1.0937,ANCITABINE HYDROCHLORIDE,Inactive
CC(C)=CCCC1(C)C=Cc2c(O)c3c(c(CC=C(C)C)c2O1)OC12C(=CCCC1C(C)(C)OC2(CC=C(C)C(=O)O)C(=O)O)C3=O,1.0937,GARCINOLIC ACID,Inactive
CCCCNc1ccc(C(=O)OCCOCCOCCOCCOCCOCCOCCOCCOCCOC)cc1,1.094,BENZONATATE,Inactive
Cc1cc(C(C)(C)C)c(O)c(C)c1CC1=NCCN1.Cl,1.09405,OXYMETAZOLINE HYDROCHLORIDE,Inactive
Cl.Nc1ccn(C2OC(CO)C(O)C2(F)F)c(=O)n1,1.09405,GEMCITABINE HYDROCHLORIDE,Inactive
O=C(O)Cc1cc(I)c(Oc2ccc(O)c(I)c2)c(I)c1,1.0941,TIRATRICOL,Inactive
COC(=O)c1cc(OC)c(OC)c(OC)c1,1.0941,METHYL EUDESMATE,Inactive
CCC1(O)C(=O)OCc2c1cc1n(c2=O)Cc2cc3c(CN(C)C)c(O)ccc3nc2-1.Cl,1.0943,TOPOTECAN HYDROCHLORIDE,Inactive
CC(CCc1ccc(O)cc1)NCCc1ccc(O)c(O)c1.Cl,1.0943,DOBUTAMINE HYDROCHLORIDE,Inactive
CCCCN1CCCCC1C(=O)Nc1c(C)cccc1C.Cl,1.0944,BUPIVACAINE HYDROCHLORIDE,Inactive
C=CC1=C(C)C(=Cc2[nH]c(Cc3[nH]c(C=C4NC(=O)C(C)=C4C=C)c(C)c3CCC(=O)O)c(CCC(=O)O)c2C)NC1=O,1.0944,BILIRUBIN,Inactive
CC(C)Cn1cnc2c(N)nc3ccccc3c21.Cl,1.09455,IMIQUIMOD HYDROCHLORIDE,Inactive
Cc1ccc(C(C)C)cc2c(C)ccc1-2,1.09465,GUAIAZULENE,Inactive
CC1C(=O)OC2CC34C5CC(C(C)(C)C)C36C(OC(=O)C6O)OC4(C(=O)O5)C21O,1.09465,GINKGOLIDE A,Inactive
O=C(C1CCCCC1)N1CC(=O)N2CCc3ccccc3C2C1,1.0947,PRAZIQUANTEL,Inactive
CC(=O)NC1C(NC(=N)N)C=C(C(=O)O)OC1C(O)C(O)CO,1.0948,ZANAMIVIR,Inactive
CC(=O)NC(CS)C(=O)O,1.09485,ACETYLCYSTEINE,Inactive
Cc1cc(C)nc(NS(=O)(=O)c2ccc(N)cc2)n1,1.09495,SULFAMETHAZINE,Inactive
CN1CCc2cc3c(cc2C1C1OC(=O)c2c1ccc1c2OCO1)OCO3,1.09505,BICUCULLINE (+),Inactive
CC(NC(=NC#N)Nc1ccncc1)C(C)(C)C,1.0951,PINACIDIL,Inactive
CCOc1ccc(S(=O)(=O)[O-])c2cccnc12.[Na+],1.0952,ACTINOQUINOL SODIUM,Inactive
Cc1nc2n(c(=O)c1CCN1CCC(c3noc4cc(F)ccc34)CC1)CCCC2,1.09525,RISPERIDONE,Inactive
Cc1ncc(C[n+]2csc(CCO)c2C)c(N)n1.Cl.[Cl-],1.0955,THIAMINE HYDROCHLORIDE,Inactive
Br.CN1C2CC(OC(=O)C(CO)c3ccccc3)CC1C(O)C2,1.09585,ANISODAMINE HYDROBROMIDE (+/-),Inactive
CCCc1nc(C(C)(C)O)c(C(=O)OCc2oc(=O)oc2C)n1Cc1ccc(-c2ccccc2-c2nn[nH]n2)cc1,1.096,OLMESARTAN MEDOXOMIL,Inactive
COc1cc(O)cc(OC)c1OC,1.0962,ANTIAROL,Inactive
CCC1CN2CCC1CC2C(O)c1ccnc2ccc(OC)cc12,1.09625,HYDROQUINIDINE,Inactive
CN1C2CCC1CC(OC(=O)C(CO)c1ccccc1)C2,1.0964,ATROPINE,Inactive
COC(=O)C1C(O)CCC2CN3CCc4c([nH]c5ccccc45)C3CC21.Cl,1.0964,YOHIMBINE HYDROCHLORIDE,Inactive
CC1=CCCC(C)=CCC(C)(C)C=CC1,1.0964,HUMULENE (alpha),Inactive
Cc1cc(CC(=O)O)n(C)c1C(=O)c1ccc(Cl)cc1,1.09645,ZOMEPIRAC SODIUM,Inactive
CCN(CC)CCOCCOC(=O)C(CC)(CC)c1ccccc1.O=C(O)CC(O)(CC(=O)O)C(=O)O,1.09645,OXELAIDIN CITRATE,Inactive
NCCCNCCSP(=O)(O)O,1.0965,AMIFOSTINE,Inactive
CC(C)(C)NC(=O)C1CCC2C3CCC4NC(=O)C=CC4(C)C3CCC12C,1.09675,FINASTERIDE,Inactive
CCN(CC)C(=O)N1CCN(C)CC1.O=C(O)CC(O)(CC(=O)O)C(=O)O,1.09685,DIETHYLCARBAMAZINE CITRATE,Inactive
CC(C(=O)O)c1ccc(N2Cc3ccccc3C2=O)cc1,1.09705,INDOPROFEN,Inactive
O=C(CCc1ccc(O)cc1)c1c(O)cc(O)cc1OC1OC(CO)C(O)C(O)C1O,1.097245,PHLORIDZIN,Inactive
O=C(CCCl)NCc1ccccc1,1.0977,BECLAMIDE,Inactive
CCN(CC)CCNC(=O)c1cc(Br)c(N)cc1OC,1.0979,BROMOPRIDE,Inactive
NCCS(=O)(=O)O,1.0981,TAURINE,Inactive
COc1cc(C=CC(=O)C=C(O)C=Cc2ccc(O)c(OC)c2)ccc1O,1.0981,CURCUMIN,Inactive
CC1C2CCC3C4CC=C5CC(N(C)C)CCC5(C)C4CCC32CN1C,1.0981,CONESSINE,Inactive
CC(=O)C1CCC2C3CC=C4CC(O)CCC4(C)C3CCC12C,1.09825,PREGNENOLONE,Inactive
COC1C=CC23c4cc5c(cc4CN(CC2O)C3C1)OCO5,1.09885,CRINAMINE,Inactive
CC12CCCC(O)(C1)C1CC(C)(C)C1CC2,1.09885,beta-CARYOPHYLLENE ALCOHOL,Inactive
O=C(NCC(O)CO)c1c(I)c(C(=O)NCC(O)CO)c(I)c(N(CCO)C(=O)CO)c1I,1.09895,IOVERSOL,Inactive
Cc1ccc2c(Cl)cc(Cl)c(O)c2n1,1.09895,CHLORQUINALDOL,Inactive
CC(CO)NC(=O)C1C=C2c3cccc4[nH]cc(c34)CC2N(C)C1.O=C(O)C=CC(=O)O,1.09897,ERGONOVINE MALEATE,Inactive
OCCc1ccccc1,1.09905,PHENYLETHYL ALCOHOL,Inactive
Cc1c(C(=O)O)c(O)cc2c1C(=O)c1c(O)c(C3OC(CO)C(O)C(O)C3O)c(O)c(O)c1C2=O,1.09905,CARMINIC ACID,Inactive
O=C(O)CCCN1C(=O)c2cccc3cccc(c23)C1=O,1.0991,4-NAPHTHALIMIDOBUTYRIC ACID,Inactive
CC1(C)SC2C(NC(=O)C(N)c3ccc(O)cc3)C(=O)N2C1C(=O)O,1.09915,AMOXICILLIN,Inactive
CC(=O)c1c(O)c(C)c(O)c2c1OC1=CC(=O)C(C(C)=O)C(=O)C12C,1.09915,USNIC ACID,Inactive
Nc1ccn(C2CCC(CO)O2)c(=O)n1,1.0993,ZALCITABINE,Inactive
CC(=O)Nc1nnc(S(N)(=O)=O)s1,1.09935,ACETAZOLAMIDE,Inactive
CCCCCOC(=O)Nc1nc(=O)n(C2OC(C)C(O)C2O)cc1F,1.0994,CAPECITABINE,Inactive
Cc1cccc(Cc2c[nH]cn2)c1C.Cl,1.0995,DETOMIDINE HYDROCHLORIDE,Inactive
CC12CCC(=O)C=C1CCC1C2C(O)CC2(C)C1CCC2(O)C(=O)COP(=O)([O-])[O-].CC[NH+](CC)CC.CC[NH+](CC)CC,1.09965,HYDROCORTISONE PHOSPHATE TRIETHYLAMINE,Inactive
Cc1onc(-c2ccccc2)c1C(=O)NC1C(=O)N2C1SC(C)(C)C2C(=O)[O-].[Na+],1.09965,OXACILLIN SODIUM,Inactive
C1CCc2nnnn2CC1,1.09965,PENTYLENETETRAZOL,Inactive
O=C(NC(=O)c1ccccc1Cl)Nc1ccc(OC(F)(F)F)cc1,1.10005,TRIFLUMURON,Inactive
C#CC1(OC(C)=O)CCC2C3CCC4=CC(=O)CCC4C3CCC21C,1.1001,NORETHINDRONE ACETATE,Inactive
CC1CC2C3CCC4=CC(=O)C=CC4(C)C3(F)C(O)CC2(C)C1(O)C(=O)COP(=O)([O-])[O-].[Na+].[Na+],1.1008,BETAMETHASONE SODIUM PHOSPHATE,Inactive
COC(=O)C=Cc1cc(OC)c(OC)c(OC)c1,1.10085,METHYL TRIMETHOXYCINNAMATE,Inactive
CNCCCC1c2ccccc2C=Cc2ccccc21.Cl,1.10175,PROTRYPTYLINE HYDROCHLORIDE,Inactive
CC1(C)SC2C(NC(=O)C(C(=O)[O-])c3ccccc3)C(=O)N2C1C(=O)[O-].[Na+].[Na+],1.102245,CARBENICILLIN DISODIUM,Inactive
CC(=C(CCOP(=O)(O)O)SC(=O)c1ccccc1)N(C=O)Cc1cnc(C)nc1N,1.1025,BENFOTIAMINE,Inactive
O=C1C=C2CC3(O)COc4c(ccc(O)c4O)C3=C2C=C1O,1.10255,HEMATEIN,Inactive
C=CCc1ccc(O)c(OC)c1,1.1026,EUGENOL,Inactive
O=c1cc(-c2ccccc2)oc2cc(O)cc(O)c12,1.102615,CHRYSIN,Inactive
CN(C)C(=O)Oc1cc(OC(=O)N(C)C)cc(C(O)CNC(C)(C)C)c1.Cl,1.10275,BAMBUTEROL HYDROCHLORIDE,Inactive
CC(=O)NCCCS(=O)(=O)[O-].CC(=O)NCCCS(=O)(=O)[O-].[Ca+2],1.10305,ACAMPROSATE CALCIUM,Inactive
CN1C(=O)CC(C)(c2ccccc2)C1=O,1.10345,METHSUXIMIDE,Inactive
CCN(CC)C(=O)C(C#N)=Cc1cc(O)c(O)c([N+](=O)[O-])c1,1.10365,ENTACAPONE,Inactive
Nc1ccc(C(=O)[O-])c(O)c1.[Na+],1.1037,AMINOSALICYLATE SODIUM,Inactive
Cc1ncc([N+](=O)[O-])n1CC(O)CCl,1.10375,ORNIDAZOLE,Inactive
O=C(O)CCC(=O)Nc1ccc(S(=O)(=O)Nc2nccs2)cc1,1.104,SUCCINYLSULFATHIAZOLE,Inactive
NC(=O)c1cccnc1,1.10405,NIACINAMIDE,Inactive
CN1CCC(=C2c3ccccc3C=Cc3ccccc32)CC1.Cl,1.104135,CYPROHEPTADINE HYDROCHLORIDE,Inactive
CN1CCCN=C1C=Cc1cccc(O)c1.O=C(O)c1cc2ccccc2c(Cc2c(O)c(C(=O)O)cc3ccccc23)c1O,1.1042,OXANTEL PAMOATE,Inactive
OC1C(O)C(O)C(O)C(O)C1O,1.1044,INOSITOL,Inactive
OCc1c[nH]c2ccccc12,1.10445,INDOLE-3-CARBINOL,Inactive
CC(C(=O)O)c1ccc2c(c1)CC(=O)c1ccccc1S2,1.1049,ZALTOPROFEN,Inactive
Cc1cc2nc3ccc(N(C)C)cc3[s+]c2cc1N.[Cl-],1.10495,TOLONIUM CHLORIDE,Inactive
CCC1(CC)C(=O)C=CNC1=O,1.1053,PYRITHYLDIONE,Inactive
CC(=O)OCC(=O)C1(O)CCC2C3CCC4CC(O)CCC4(C)C3C(=O)CC21C,1.10535,TETRAHYDROCORTISONE-21-ACETATE,Inactive
CC1(C)C(=O)C2OC2C2(C)C1CC(O)C1(C)C2CCC2(C)C(c3ccoc3)OC(=O)C3OC321,1.10545,"1,2alpha-EPOXYDEACETOXYDIHYDROGEDUNIN",Inactive
C=C(C)C1COc2cc3oc(=O)ccc3cc2O1,1.1057,OBLIQUIN,Inactive
COc1ccc(-c2cc(=O)c3c(O)c(OC)c(OC)c(OC)c3o2)cc1OC,1.1058,DEMETHYLNOBILETIN,Inactive
CC(N)(Cc1ccc(O)c(O)c1)C(=O)O,1.1062,METHYLDOPA,Inactive
C=CCN1CCC23c4c5ccc(O)c4OC2C(=O)CCC3(O)C1C5.Cl,1.1064,NALOXONE HYDROCHLORIDE,Inactive
CCNC1CC(N)C(OC2OC(CN)=CCC2N)C(O)C1OC1OCC(C)(O)C(NC)C1O.O=S(=O)(O)O.O=S(=O)(O)O,1.10645,NETILMICIN SULFATE,Inactive
O=C(O)CCCCC1CCSS1,1.1069,THIOCTIC ACID,Inactive
CCCNC(C)C(=O)Nc1ccccc1C.Cl,1.1072,PRILOCAINE HYDROCHLORIDE,Inactive
CCOCCn1c(N2CCCN(C)CC2)nc2ccccc21.O=C(O)C=CC(=O)O.O=C(O)C=CC(=O)O,1.1072,EMEDASTINE DIFUMARATE,Inactive
COc1ccc(-c2cc(=O)c3c(O)cc(O)cc3o2)cc1,1.1077,ACACETIN,Inactive
COc1ccc2[nH]c(S(=O)Cc3ncc(C)c(OC)c3C)nc2n1,1.10795,TENATOPRAZOLE,Inactive
NCCCNCCCCNCCCN,1.10795,SPERMINE,Inactive
COc1c(Cl)c(C)c(C(=O)Oc2cc(C)c(C(=O)O)c(O)c2)c(O)c1Cl,1.108,DICHLOROEVERNIC ACID,Inactive
CC(NCCC(c1ccccc1)c1ccccc1)c1ccccc1.Cl,1.1081,FENDILINE HYDROCHLORIDE,Inactive
COc1cc2c(cc1OC)-c1c(oc3c4c(ccc3c1=O)OC(C)(C)C=C4)CO2,1.10815,DEHYDRODEGUELIN,Inactive
CC(=O)OCC(=O)C1(O)CCC2C3CCC4=CC(=O)CCC4(C)C3(F)C(O)CC21C,1.10875,FLUDROCORTISONE ACETATE,Inactive
Br.CN1C2CCC1CC(OC(=O)C(O)c1ccccc1)C2,1.10875,HOMATROPINE HYDROBROMIDE,Inactive
CCc1c(C)[nH]c2c1C(=O)C(CN1CCOCC1)CC2.Cl,1.10875,MOLINDONE HYDROCHLORIDE,Inactive
O=c1[n-]c(=O)n(Cl)c(=O)n1Cl.[Na+],1.10885,TROCLOSENE SODIUM,Inactive
NC(=O)c1ccc([N+](=O)[O-])cc1Cl,1.10895,AKLOMIDE,Inactive
O=c1c(O)c(-c2ccc(O)c(O)c2)oc2c(O)c(O)cc(O)c12,1.10915,GOSSYPETIN,Inactive
CC1CCCC(C)N1,1.10925,NANOFIN,Inactive
COC(=O)C1=COC(OC2OC(CO)C(O)C(O)C2O)C2C(C)CC(=O)C12,1.1094,VERBENALIN,Inactive
CC(=O)OCC=C(C)CCC=C(C)CCC=C(C)CCC=C(C)CCC=C(C)CCC=C(C)CCC=C(C)CCC=C(C)CCC=C(C)C,1.1095,SOLANESYL ACETATE,Inactive
Br.NC(=O)C(c1ccccc1)(c1ccccc1)C1CCN(CCc2ccc3c(c2)CCO3)C1,1.10975,DARIFENACIN HYDROBROMIDE,Inactive
CCNC1CC(C)S(=O)(=O)c2sc(S(N)(=O)=O)cc21.Cl,1.10985,DORZOLAMIDE,Inactive
CC(C(=O)O)c1ccc2c(c1)[nH]c1ccc(Cl)cc12,1.1099,CARPROFEN,Inactive
COc1ccc(-c2coc3cc(O)ccc3c2=O)c(O)c1O,1.11005,KOPARIN,Inactive
O=C(O)c1cc(N=Nc2ccc(S(=O)(=O)Nc3ccccn3)cc2)ccc1O,1.11015,SULFASALAZINE,Inactive
OCC(O)CN1CCN(c2ccccc2)CC1,1.1102,DROPROPIZINE,Inactive
CC(=O)OCC(=O)C12N=C(C)OC1CC1C3CCC4=CC(=O)C=CC4(C)C3C(O)CC12C,1.11025,DEFLAZACORT,Inactive
Cc1nc2n(c(=O)c1CCN1CCC(c3noc4cc(F)ccc34)CC1)CCCC2O,1.11045,PALIPERIDONE,Inactive
NC(=O)C1(N2CCCCC2)CCN(CCCC(=O)c2ccc(F)cc2)CC1,1.11045,PIPAMPERONE,Inactive
COc1ccc2c(c1)OCC(Cc1ccc(OC)c(OC)c1)C2=O,1.11045,DEOXYSAPPANONE B TRIMETHYL ETHER,Inactive
O=C(O)c1cc(-c2ccccc2)nc2ccccc12,1.1105,CINCHOPHEN,Inactive
CNC1C(OC2C(OC3C(O)C(O)C(NC(=N)N)C(O)C3NC(=N)N)OC(C)C2(O)C=O)OC(CO)C(O)C1O.O=S(=O)(O)O,1.11055,STREPTOMYCIN SULFATE [5mM; 10% aq DMSO + 5mM ethanolamine],Inactive
COc1ccc(-c2cc(=O)c3c(O)cc(OC4OC(COC5OC(C)C(O)C(O)C5O)C(O)C(O)C4O)cc3o2)cc1O,1.1107,DIOSMIN,Inactive
Oc1ccc2c(c1)OCC1(O)Cc3cc(O)c(O)cc3C21,1.11105,BRAZILIN,Inactive
Cc1c(C)c2c(c(C)c1O)CCC(C)(CCCC(C)CCCC(C)CCCC(C)C)O2,1.1112,alpha-TOCHOPHEROL [4 mM],Inactive
CC1(C)CCCC2(C)C1CCC1(C)OCCC12,1.11145,AMBROXIDE (-),Inactive
CC12CCC3c4ccc(O)cc4CCC3C1CCC2=O,1.11195,ESTRONE,Inactive
O=c1c2ccccc2oc2ccc(O)cc12,1.11195,2-HYDROXYXANTHONE,Inactive
COc1ccccc1OCC(O)CO,1.1121,GUAIFENESIN,Inactive
NCCCC(O)(P(=O)(O)O)P(=O)(O)O.O.O.O.[Na+],1.1122,ALENDRONATE SODIUM TRIHYDRATE,Inactive
CC1(C)C(=O)C=CC2(C)C1CC(=O)C1(C)C2CCC2(C)C(c3ccoc3)OC(=O)C3OC321,1.11245,DEACETOXY-7-OXOGEDUNIN,Inactive
OCC1OC(O)(CO)C(O)C1O,1.1126,D-(-)-FRUCTOSE ,Inactive
CC1CCC2(C(=O)O)CCC3(C)C(=CCC4C5(C)CC(O)C(O)C(C)(CO)C5C(O)CC43C)C2C1C,1.1126,MADECASSIC ACID,Inactive
COc1ccc(-c2coc3cc(O)cc(O)c3c2=O)cc1,1.1129,BIOCHANIN A,Inactive
O=C([O-])CCCO.[Na+],1.1131,SODIUM OXYBATE,Inactive
CC1C=CC=CC=CC=CC=CC=CC=CC(OC2OC(C)C(O)C(N)C2O)CC(O)C(C(=O)O)C(O)CC(=O)CC(O)CC(O)CC(O)CC(=O)CCCC(=O)CC(=O)OC1C(C)CC(C)C(O)CC(=O)c1ccc(N)cc1,1.1135,CANDICIDIN,Inactive
CSCCC(N)C(=O)O,1.11375,METHIONINE (L),Inactive
C#CC1(O)CCC2C3CCC4=Cc5oncc5CC4(C)C3CCC21C,1.11403,DANAZOL,Inactive
CCC1(c2ccc(N)cc2)CCC(=O)NC1=O,1.1142,AMINOGLUTETHIMIDE,Inactive
CC(=O)SC1CC2=CC(=O)CCC2(C)C2CCC3(C)C(CCC34CCC(=O)O4)C12,1.1142,SPIRONOLACTONE,Inactive
CC1(C)OC2CC3C4CCC5=CC(=O)C=CC5(C)C4(F)C(O)CC3(C)C2(C(=O)CO)O1,1.11425,TRIAMCINOLONE ACETONIDE,Inactive
CC(=O)Nc1ccc(O)cc1,1.11455,ACETAMINOPHEN,Inactive
COc1c2ccoc2cc2oc(=O)ccc12,1.1147,BERGAPTEN,Inactive
CCCCOC(=O)c1ccccc1C(=O)OCCCC,1.1148,DIBUTYL PHTHALATE,Inactive
CCOC(=O)CC(=O)N1CCSC1COc1ccccc1OC,1.11495,MOGUISTEINE,Inactive
CCN(CC)C(=O)c1ccc(O)c(OC)c1,1.11545,ETHAMIVAN,Inactive
COc1cc2c(cc1OC)C1Cc3ccc(OC)c(OC)c3CN1CC2,1.11555,TETRAHYDROPALMATINE,Inactive
O=NN(CCCl)C(=O)NCCCl,1.1156,CARMUSTINE,Inactive
NCC1CCC(C(=O)O)CC1,1.1156,TRANEXAMIC ACID,Inactive
Cl.ClCCN(CCCl)CCCl,1.1157,TRICHLORMETHINE HYDROCHLORIDE,Inactive
Cc1ncc([N+](=O)[O-])n1CCO,1.11585,METRONIDAZOLE,Inactive
CC(=O)NS(=O)(=O)c1ccc(N)cc1,1.11615,SULFACETAMIDE,Inactive
Cc1ccccc1N1C(=O)c2cc(S(N)(=O)=O)c(Cl)cc2NC1C,1.11645,METOLAZONE,Inactive
CC(C)Oc1ccc2c(=O)c(-c3ccccc3)coc2c1,1.1165,IPRIFLAVONE,Inactive
O=C(NN=Cc1ccc([N+](=O)[O-])o1)c1cc([N+](=O)[O-])cc([N+](=O)[O-])c1O,1.11655,NIFURSOL,Inactive
Cl.NC12CC3CC(CC(C3)C1)C2,1.11775,AMANTADINE HYDROCHLORIDE,Inactive
NS(=O)(=O)c1cc(C(=O)O)c(NCc2ccco2)cc1Cl,1.1178,FUROSEMIDE,Inactive
Nc1nccs1,1.1178,AMINOTHIAZOLE,Inactive
C#CCN(C)Cc1ccccc1.Cl,1.11785,PARGYLINE HYDROCHLORIDE,Inactive
O=C(O)c1cc(O)c(O)c(O)c1,1.1179,GALLIC ACID,Inactive
CC(=O)CCCCn1c(=O)c2c(ncn2C)n(C)c1=O,1.118,PENTOXIFYLLINE,Inactive
CC1=C2CCC3C4CCC(=O)C4(C)CCC3C2(C)CCC1=O,1.1182,FORMESTANE,Inactive
CCN(CC)CCNC(=O)c1cc(S(C)(=O)=O)ccc1OC.Cl,1.1183,TIAPRIDE HYDROCHLORIDE,Inactive
Cl.Cl.NCCNCCNCCN,1.11845,TRIENTINE HYDROCHLORIDE,Inactive
CN(C)CC(=O)OCC(O)C(O)C(O)C(O)C(=O)[O-].[Na+],1.1186,PANGAMIC ACID SODIUM,Inactive
O=c1[nH]cnc2[nH]ncc12,1.119,ALLOPURINOL,Inactive
Cc1coc2c1C(=O)C(=O)c1c-2ccc2c1CCCC2(C)C,1.119,TANSHINONE IIA,Inactive
COc1c(C)c2c(c(O)c1CC=C(C)CCC(=O)O)C(=O)OC2,1.11925,MYCOPHENOLIC ACID,Inactive
O=C1C=C2CC3(O)COc4cc(O)ccc4C3=C2C=C1O,1.11995,BRAZILEIN,Inactive
CCOP(=S)(OCC)Oc1cc(C)nc(C(C)C)n1,1.12,DIMPYLATE,Inactive
NCC(O)c1ccc(O)c(O)c1.O=C(O)C(O)C(O)C(=O)O,1.12015,NOREPINEPHRINE TARTRATE,Inactive
COc1ccc(C(=O)N2CCCC2=O)cc1,1.12025,ANIRACETAM,Inactive
O=C(O)CCCCCCCC(=O)O,1.1203,AZELAIC ACID,Inactive
COC(=O)C1(C)CCCC2(C)c3ccc(C(C)C)cc3C(=O)CC12,1.12045,"7-OXOCALLITRISIC ACID, METHYL ESTER",Inactive
Cl.c1ccc2c(CC3=NCCN3)cccc2c1,1.1205,NAPHAZOLINE HYDROCHLORIDE,Inactive
CN1C2CCC1CC(O)C2,1.1205,TROPINE,Inactive
O=c1c(O)c(-c2ccc(O)cc2O)oc2cc(O)cc(O)c12,1.12055,MORIN,Inactive
COc1ccc(-c2oc3cc(OC)c(OC)c(OC)c3c(=O)c2OC)cc1,1.12075,"3,4',5,6,7-PENTAMETHOXYFLAVONE",Inactive
Cl.O=C(O)C=Cc1ccc(Cn2ccnc2)cc1,1.1215,OZAGREL HYDROCHLORIDE,Inactive
CC(=O)OC1CC2(C)C(CC(O)C3C4(C)CCC(O)C(C)C4CCC32C)C1=C(CCC=C(C)C)C(=O)O,1.1217,FUSIDIC ACID,Inactive
COc1ccc(C(=O)NCc2ccc(OCCN(C)C)cc2)cc1OC,1.1218,ITOPRIDE  HYDROCHLORIDE,Inactive
NC(CO)(CO)CO,1.1219,TROMETHAMINE,Inactive
c1coc(CNc2ncnc3[nH]cnc23)c1,1.12195,KINETIN,Inactive
O.O.OCC1OC(OC2OC(CO)C(O)C(O)C2O)C(O)C(O)C1O,1.1224,TREHALOSE DIHYDRATE,Inactive
CN(C)CCOC(c1ccccc1)c1ccccc1.Cl,1.12305,DIPHENHYDRAMINE HYDROCHLORIDE,Inactive
CCCCOc1cc(C(=O)NCCN(CC)CC)c2ccccc2n1.Cl,1.1237,DIBUCAINE HYDROCHLORIDE,Inactive
C[N+](C)(C)CCOC(N)=O.[Cl-],1.12375,CARBACHOL,Inactive
COc1ccc(OC)c(C(O)CNC(=O)CN)c1.Cl,1.1238,MIDODRINE HYDROCHLORIDE,Inactive
COc1ccc(C2Sc3ccccc3N(CCN(C)C)C(=O)C2OC(C)=O)cc1.Cl,1.1238,DILTIAZEM HYDROCHLORIDE,Inactive
CC(O)C(=O)Nc1c(I)c(C(=O)NC(CO)CO)c(I)c(C(=O)NC(CO)CO)c1I,1.12425,IOHEXOL,Inactive
CC(=O)OCC(=O)C1(O)CCC2C3CCC4=CC(=O)C=CC4(C)C3(Cl)C(Cl)CC21C,1.12435,DICHLORISONE ACETATE,Inactive
CC(C)=CCCC(C)=CCCC(C)=CCCC(C)=CCCC(C)=CCCC(C)=CCCC(C)=CCCC(C)=CCCC(C)=CCO,1.1244,SOLANESOL,Inactive
COc1cc(C(=O)NCCCCCC(=O)O)cc(OC)c1OC,1.12445,CAPOBENIC ACID,Inactive
Cc1cc(O)cc(=O)o1,1.12465,4-HYDROXY-6-METHYLPYRAN-2-ONE,Inactive
CS(=O)(=O)O.OC(CCN1CCCCC1)(c1ccccc1)c1ccccc1,1.12495,PRIDINOL METHANESULFONATE,Inactive
ClC=C(Cl)Cl,1.1251,TRICHLOROETHYLENE,Inactive
CC1CCC(NC(=O)N(CCCl)N=O)CC1,1.12525,SEMUSTINE,Inactive
Cl.NCCCCCC(=O)O,1.1254,AMINOCAPROIC ACID HYDROCHLORIDE,Inactive
CN1CCN(C(c2ccccc2)c2ccccc2)CC1,1.1259,CYCLIZINE,Inactive
Cl.OC1CCCCC1N1CCC(c2ccccc2)CC1,1.12595,VESAMICOL HYDROCHLORIDE,Inactive
CC[N+](C)(C)c1cccc(O)c1.[Cl-],1.12605,EDROPHONIUM CHLORIDE,Inactive
O=C(O)CSCC(=O)NC1CCSC1=O,1.1264,ERDOSTEINE,Inactive
O=[N+]([O-])c1cc([As](=O)(O)O)ccc1O,1.12665,ROXARSONE,Inactive
CC1OC(OC2C(O)CC(OC3C(O)CC(OC4CCC5(C)C(CCC6C5CC(O)C5(C)C(C7=CC(=O)OC7)CCC65O)C4)OC3C)OC2C)CC(O)C1O,1.12685,DIGOXIN,Inactive
O=C([O-])Cc1ccccc1Nc1c(Cl)cccc1Cl.[Na+],1.1269,DICLOFENAC SODIUM,Inactive
C[N+](C)(C)CC(O)CC(=O)O.[Cl-],1.1269,CARNITINE (dl) HYDROCHLORIDE,Inactive
CC(=O)c1ccc[nH]1,1.12705,2-ACETYLPYRROLE,Inactive
CN1C2CCC1CC(OC(=O)c1c[nH]c3ccccc13)C2.Cl,1.1271,TROPISETRON HYDROCHLORIDE,Inactive
Nc1cccc2c1CN(C1CCC(=O)NC1=O)C2=O,1.1273,LENALIDOMIDE,Inactive
CN1CC(=O)N2C(Cc3c([nH]c4ccccc34)C2c2ccc3c(c2)OCO3)C1=O,1.12775,TADALAFIL,Inactive
CCC(C)(C)c1ccc(CC(C)CN2CC(C)OC(C)C2)cc1.Cl,1.1278,AMOROLFINE HYDROCHLORIDE,Inactive
Cc1cc(C)cc(OCC2CNC(=O)O2)c1,1.1285,METAXALONE,Inactive
Cc1cccc2c3c(ccc12)C1=C(C(=O)C3=O)C(C)CO1,1.1289,DIHYDROTANSHINONE I,Inactive
Clc1ccc(C(c2ccc(Cl)cc2)C(Cl)(Cl)Cl)cc1,1.12895,DICHLORODIPHENYLTRICHLOROETHANE,Inactive
CCC1NC(=O)c2cc(S(N)(=O)=O)c(Cl)cc2N1,1.12905,QUINETHAZONE,Inactive
CC(C)(CO)C(O)C(=O)NCCCO,1.12915,DEXPANTHENOL,Inactive
O=C([O-])C(O)C(O)C(O)C(O)C(O)CO.O=C([O-])C(O)C(O)C(O)C(O)C(O)CO.[Ca+2],1.12995,CALCIUM GLUCEPTATE,Inactive
CC(=O)OC1CCC2(C)C(CCC3C2CCC2(C)C3CC3OC4(CCC(C)CO4)C(C)C32)C1,1.13015,SMILAGENIN ACETATE,Inactive
CC(=O)Nc1ccc(S(=O)(=O)c2ccc(NC(C)=O)cc2)cc1,1.13045,ACEDAPSONE,Inactive
Cc1ncc(CSSCc2cnc(C)c(O)c2CO)c(CO)c1O,1.1307,PYRITINOL,Inactive
CN1CCCN=C1C=Cc1cccs1.O=C(O)c1cc2ccccc2c(Cc2c(O)c(C(=O)O)cc3ccccc23)c1O,1.13095,PYRANTEL PAMOATE,Inactive
CC(C)C(N)C(=O)OCC(CO)OCn1cnc2c(=O)[nH]c(N)nc21.Cl,1.13125,VALGANCICLOVIR HYDROCHLORIDE,Inactive
Nc1nc(=O)c2c(CCc3ccc(C(=O)NC(CCC(=O)[O-])C(=O)[O-])cc3)c[nH]c2[nH]1.[Na+].[Na+],1.1315,PEMETREXED,Inactive
CCS(=O)(=O)CCn1c([N+](=O)[O-])cnc1C,1.13155,TINIDAZOLE,Inactive
CC1(C)CCC2(C)CCC3(C)C(=CCC4C5(C)CCC(O)C(C)(C)C5CCC43C)C2C1,1.13195,beta-AMYRIN,Inactive
CC(C[N+](C)(C)C)OC(N)=O.[Cl-],1.132,BETHANECHOL CHLORIDE,Inactive
Nc1ccncc1,1.13275,FAMPRIDINE,Inactive
CC1CC2C3CC(F)C4=CC(=O)C=CC4(C)C3(F)C(O)CC2(C)C1(O)C(=O)COC(=O)C(C)(C)C,1.1331,FLUMETHAZONE PIVALATE,Inactive
CNC(=O)Oc1ccccc1OC(C)C,1.13335,PROPOXUR,Inactive
Cc1c(-c2cnccn2)ssc1=S,1.134,OLTIPRAZ,Inactive
CCCCc1oc2ccc(NS(C)(=O)=O)cc2c1C(=O)c1ccc(OCCCN(CCCC)CCCC)cc1.Cl,1.1345,DRONEDARONE HYDROCHLORIDE,Inactive
C=C(NC(=O)C(=C)NC(=O)c1csc(C2=NC3c4csc(n4)C4NC(=O)c5csc(n5)C(C(C)(O)C(C)O)NC(=O)C5CSC(=N5)C(=CC)NC(=O)C(C(C)O)NC(=O)c5csc(n5)C3(CC2)NC(=O)C(C)NC(=O)C(=C)NC(=O)C(C)NC(=O)C(C(C)CC)NC2C=Cc3c(C(C)O)cc(nc3C2O)C(=O)OC4C)n1)C(N)=O,1.13485,THIOSTREPTON,Inactive
Cc1cnc(NC(=O)C2=C(O)c3ccccc3S(=O)(=O)N2C)s1,1.1355,MELOXICAM,Inactive
OCCN(CCO)c1nc(N2CCCCC2)c2nc(N(CCO)CCO)nc(N3CCCCC3)c2n1,1.1356,DIPYRIDAMOLE,Inactive
CCC12CCCN3CCc4c(n(c5ccccc45)C(O)(C(=O)OC)C1)C32,1.13565,VINCAMINE,Inactive
CCN(CC)CCCC(C)Nc1ccnc2cc(Cl)ccc12.O=P(O)(O)O.O=P(O)(O)O,1.13575,CHLOROQUINE DIPHOSPHATE,Inactive
Cl.NC1=NCC2c3ccccc3Cc3ccccc3N12,1.13575,EPINASTINE HYDROCHLORIDE,Inactive
Nc1cc(C(Cl)=C(Cl)Cl)c(S(N)(=O)=O)cc1S(N)(=O)=O,1.13695,CLORSULON,Inactive
CCC(C)n1ncn(-c2ccc(N3CCN(c4ccc(OCC5COC(Cn6cncn6)(c6ccc(Cl)cc6Cl)O5)cc4)CC3)cc2)c1=O.Cl.Cl,1.13705,ITRACONAZOLE HYDROCHLORIDE,Inactive
CNC(C)C(O)c1ccccc1.Cl,1.1372,"EPHEDRINE (1R,2S) HYDROCHLORIDE",Inactive
Oc1cc(O)c2cc(O)c(-c3ccc(O)c(O)c3)[o+]c2c1.[Cl-],1.13725,CYANIDIN CHLORIDE,Inactive
COc1ccc(C(CN(C)C)C2(O)CCCCC2)cc1.Cl,1.1374,VENLAFAXINE HYDROCHLORIDE,Inactive
CCOc1cc(NC(C)=O)ccc1C(=O)OC,1.13745,ETHOPABATE,Inactive
CC(C)(C)C(=O)C(Oc1ccc(Cl)cc1)n1cncn1,1.1375,TRIADIMEFON,Inactive
C=C1C2CCC3(C)C(c4ccoc4)OC(=O)CC13OC1CC(=O)C(C)(C)C(C(O)C(=O)OC)C12C,1.13755,METHYL 6-HYDROXYANGOLENSATE,Inactive
CC(=O)OC1C2CCC3C(C)(O)C4CC(O)C(C)(C)C4(O)C(O)CC13CC2(C)O,1.1376,GRAYANOTOXIN I,Inactive
O=C1C2CC3CC1CC(O)(C3)C2,1.13785,IDRAMANTONE,Inactive
CC12CCC(=O)C=C1CCC1C2CCC2(C)C1CCC2(O)C(=O)CO,1.1381,CORTEXOLONE,Inactive
O=C(CCc1ccc(O)cc1)c1c(O)cc(O)cc1O,1.13815,PHLORETIN,Inactive
CC(C(=O)O)c1ccc(CC2CCCC2=O)cc1,1.1389,LOXOPROFEN,Inactive
CC1CC=CC=CC=CC=CC(OC2OC(C)C(O)C(N)C2O)CC2OC(O)(CC(O)CC3OC3C=CC(=O)O1)CC(O)C2C(=O)O,1.13945,NATAMYCIN,Inactive
Cl[Ca]Cl,1.13955,CALCIUM CHLORIDE,Inactive
Cc1cc(O)c(C=O)c2c1C(=O)Oc1c(COC(=O)C=CC(=O)O)c(O)c(C(=O)O)c(C)c1O2,1.1396,FUMARPROTOCETRARIC ACID,Inactive
CCN(CC)CCOC(=O)C1(C2CCCCC2)CCCCC1.Cl,1.13965,DICYCLOMINE HYDROCHLORIDE,Inactive
Cc1cccc(Nc2ccncc2S(=O)(=O)NC(=O)NC(C)C)c1,1.14,TORSEMIDE,Inactive
Oc1ccc(O)cc1,1.14035,HYDROQUINONE,Inactive
CC1OC(Oc2c(-c3ccc(O)c(O)c3)oc3cc(O)cc(O)c3c2=O)C(O)C(O)C1O,1.14085,QUERCITRIN,Inactive
CC(=O)C1CCC2C3CC=C4CC(OC(=O)CCC(=O)O)CCC4(C)C3CCC12C,1.1409,PREGNENOLONE SUCCINATE,Inactive
COc1cnc(NS(=O)(=O)c2ccc(N)cc2)nc1,1.14195,SULFAMETER,Inactive
O=C1c2ccccc2C(=O)c2c1ccc(O)c2O,1.1427,ALIZARIN,Inactive
C=C1CCC(O)CC1=CC=C1CCCC2(C)C1CCC2C(C)C=CC(C)C(C)C,1.143,ERGOCALCIFEROL,Inactive
OCc1ccccc1O,1.1431,SALICYL ALCOHOL,Inactive
CN1CCCC1c1cccnc1.O=C(O)C(O)C(O)C(=O)O.O=C(O)C(O)C(O)C(=O)O,1.1433,NICOTINE BITARTRATE,Inactive
CNC(=O)Oc1ccc2c(c1)C1(C)CCN(C)C1N2C.O=C(O)c1ccccc1O,1.14345,PHYSOSTIGMINE SALICYLATE,Inactive
CC(CCC(=O)O)C1CCC2C3CC(O)C4CC(O)CCC4(C)C3CCC12C,1.1438,alpha-HYDROXYDEOXYCHOLIC ACID,Inactive
CC1(C)CCC2=C(O1)c1ccccc1C(=O)C2=O,1.144,beta-LAPACHONE,Inactive
O=C(O)CCCCCCCC(O)C(O)CCCCCCO,1.14425,ALEURETIC ACID,Inactive
CCOc1ccc(NC(C)=O)cc1,1.1446,PHENACETIN,Inactive
CN(C)CC(c1ccc(O)cc1)C1(O)CCCCC1.O=C(O)CCC(=O)O,1.14475,DESVENLAFAXINE SUCCINATE,Inactive
CCC(CCC(C)C1CCC2C3CC=C4CC(OC(C)=O)CCC4(C)C3CCC12C)C(C)C,1.14495,SITOSTERYL ACETATE,Inactive
C=CC(C1=CC(=O)C(OC)=CC1=O)c1ccc(OC)cc1,1.14505,"4,4'-DIMETHOXYDALBERGIONE",Inactive
COc1cc2c(cc1O)CCNC2C,1.1455,SALSOLINE,Inactive
CC(=O)OC1CC2C(C)(C)C(=O)CCC2(C)C2CCC3(C)C(c4ccoc4)OC(=O)C4OC43C12C,1.1456,DIHYDROGEDUNIN,Inactive
CC(=O)OC1CC(OC(C)=O)C2(C)C(CC(OC(C)=O)C3(C)C2CCC2(C)C(c4ccoc4)OC(=O)C4OC423)C1(C)C,1.1458,KHIVORIN,Inactive
Cc1nc(C)c(Cl)c(O)c1Cl,1.14595,CLOPIDOL,Inactive
CC(=O)OCC(=O)NCCCOc1cccc(CN2CCCCC2)c1.Cl,1.14675,ROXATIDINE ACETATE HYDROCHLORIDE,Inactive
CC(C)(C)C(=O)OCOP(=O)(COCCn1cnc2c(N)ncnc21)OCOC(=O)C(C)(C)C,1.14685,ADEFOVIR DIPIVOXYL,Inactive
Fc1ccc(Oc2ccnc3cc(Cl)cc(Cl)c23)cc1,1.14755,QUINOXYFEN,Inactive
O=c1cc[nH]c(=O)[nH]1,1.14785,URACIL,Inactive
C#CC1(O)CCC2C3CCC4=C(CCC(=O)C4)C3CCC21C,1.14835,NORETHYNODREL,Inactive
CC1(C)SC2C(NC(=O)C(C(=O)[O-])c3ccsc3)C(=O)N2C1C(=O)[O-].[Na+].[Na+],1.1487,TICARCILLIN DISODIUM,Inactive
CCC(C)C(=O)OC1CCC=C2C=CC(C)C(CCC3CC(O)CC(=O)O3)C21,1.14895,MEVASTATIN,Inactive
CC(=O)C1(O)CCC2C3C=C(Cl)C4=CC(=O)C5CC5C4(C)C3CCC21C,1.149,CYPROTERONE,Inactive
NC(=O)c1ccccc1O,1.14915,SALICYLAMIDE,Inactive
COc1cc(NS(=O)(=O)c2ccc(N)cc2)nc(OC)n1,1.1503,SULFADIMETHOXINE,Inactive
CC1OC(OC2CCC3(C=O)C4CCC5(C)C(C6=CC(=O)OC6)CCC5(O)C4CCC3(O)C2)C(O)C(O)C1O,1.15045,CONVALLATOXIN,Inactive
CN(C)c1nc(N(C)C)nc(N(C)C)n1,1.15085,ALTRETAMINE,Inactive
Cc1cnc(C(=O)NCCc2ccc(S(=O)(=O)NC(=O)NC3CCCCC3)cc2)cn1,1.15155,GLIPIZIDE,Inactive
CCCCN(CCCC)CC(O)c1cc(Cl)cc2c1-c1ccc(Cl)cc1C2=Cc1ccc(Cl)cc1,1.15185,LUMEFANTRINE,Inactive
COc1ccc(-c2coc3cc(O)ccc3c2=O)c(OC)c1OC,1.1519,"KOPARIN 2,3-DIMETHYL ETHER",Inactive
CCN(CC)CCNC(=O)c1cc(Cl)c(N)cc1OC.Cl,1.1521,METOCLOPRAMIDE HYDROCHLORIDE,Inactive
CC[N+](CC)(CC)CCOc1cccc(OCC[N+](CC)(CC)CC)c1OCC[N+](CC)(CC)CC.[I-].[I-].[I-],1.15235,GALLAMINE TRIETHIODIDE,Inactive
NS(=O)(=O)c1cc2c(cc1C(F)(F)F)NCNS2(=O)=O,1.1529,HYDROFLUMETHIAZIDE,Inactive
CC(O)C(=O)[O-].[NH4+],1.1529,AMMONIUM LACTATE,Inactive
CCC(C)(C)C(=O)OC1CC(C)C=C2C=CC(C)C(CCC3CC(O)CC(=O)O3)C21,1.153,SIMVASTATIN,Inactive
C#CC1(O)CCC2C3CCC4=CC(=O)CCC4C3CCC21CC,1.1532,LEVONORGESTREL,Inactive
CCCN1CC(CSC)CC2c3cccc4[nH]cc(c34)CC21.CS(=O)(=O)O,1.1535,PERGOLIDE MESYLATE,Inactive
CNC(=O)CN(CCN(CCN(CC(=O)[O-])CC(=O)NC)CC(=O)[O-])CC(=O)[O-].[Gd],1.15495,GADODIAMIDE,Inactive
CC(=O)OC1CC2C(C)(C)C=CCC2(C)C2CCC3(C)C(c4ccoc4)OC(=O)C4OC43C12C,1.15525,"3,4-DEHYDRO-1,2-DIHYDRO-3-DESOXO-GEDUNIN",Inactive
COc1cc(C2c3cc4c(cc3C(OC3OC5COC(c6cccs6)OC5C(O)C3O)C3COC(=O)C23)OCO4)cc(OC)c1O,1.15605,TENIPOSIDE,Inactive
O=c1[nH]c2ccccc2n1CCCN1CCC(n2c(=O)[nH]c3cc(Cl)ccc32)CC1,1.1573,DOMPERIDONE,Inactive
O=S(=O)(OCC1OC(OC2(COS(=O)(=O)O[AlH3](O)O)OC(COS(=O)(=O)O[AlH3](O)O)C(OS(=O)(=O)O[AlH3](O)O)C2OS(=O)(=O)O[AlH3](O)O)C(OS(=O)(=O)O[AlH3](O)O)C(OS(=O)(=O)O[AlH3](O)O)C1OS(=O)(=O)O[AlH3](O)O)O[AlH3](O)O.O[AlH3](O)O.O[AlH3](O)O.O[AlH3](O)O.O[AlH3](O)O.O[AlH3](O)O.O[AlH3](O)O.O[AlH3](O)O.O[AlH3](O)O,1.15745,SUCRALFATE [5mM],Inactive
OCC1(O)OCC(O)C(O)C1O,1.1582,TAGATOSE,Inactive
CCN(CC)CCNC(C(=O)OCCC(C)C)c1ccccc1.Cl.Cl,1.1583,CAMYLOFINE DIHYDROCHLORIDE,Inactive
CC(=O)OC1CCC2(C)C(CCC3(C)C2CC=C2C4CC(C)(C)CCC4(C)CCC23C)C1(C)C,1.1584,beta-AMYRIN ACETATE,Inactive
Nc1ncnc2c1ncn2C1OC(CO)C(O)C1O,1.1587,ADENOSINE,Inactive
O=C(O)CCc1nc(-c2ccccc2)c(-c2ccccc2)o1,1.15885,OXAPROZIN,Inactive
CC1(C)C(=O)C=CC2(C)C1C=CC1(C)C2CCC2(C)C(c3ccoc3)OC(=O)C3OC312,1.159,"7-DESACETOXY-6,7-DEHYDROGEDUNIN",Inactive
CC(=O)Nc1c(I)cc(I)c(C(=O)O)c1I,1.15935,ACETRIAZOIC ACID,Inactive
Nc1ccc(C(=O)NCC(=O)O)cc1,1.16035,AMINOHIPPURIC ACID,Inactive
CC(=O)OCC(=O)C1(O)CCC2C3CCC4=CC(=O)C=CC4(C)C3(F)C(O)CC21C,1.16115,ISOFLUPREDONE ACETATE,Inactive
CCOCCOc1ccccc1C(N)=O,1.16255,ETOSALAMIDE,Inactive
CC(=O)OCC(=O)C12OC(C)(C)OC1CC1C3CC(F)C4=CC(=O)C=CC4(C)C3(F)C(O)CC12C,1.16535,FLUOCINONIDE,Inactive
CCCCC(CC)COc1ccc(-c2nc(-c3ccc(OC)cc3)nc(-c3ccc(OCC(CC)CCCC)cc3O)n2)c(O)c1,1.1655,BEMOTRIZINOL,Inactive
Cc1c(NC(C)C)c(=O)n(-c2ccccc2)n1C.Cl,1.1656,RAMIFENAZONE,Inactive
CC(=O)Nc1ccc(CC(=O)O)cc1,1.1656,ACTARIT,Inactive
O=C(O)c1cc2ccccc2c(Cc2c(O)c(C(=O)O)cc3ccccc23)c1O.OCCOCCN1CCN(C(c2ccccc2)c2ccc(Cl)cc2)CC1,1.16565,HYDROXYZINE PAMOATE,Inactive
CC(=O)c1ccc2c(c1)N(CCCN1CCN(CCO)CC1)c1ccccc1S2.O=C(O)C=CC(=O)O,1.16685,ACETOPHENAZINE MALEATE,Inactive
COC(=O)C1=C(C)NC(C)=C(C(=O)OCCN2CCN(C(c3ccccc3)c3ccccc3)CC2)C1c1cccc([N+](=O)[O-])c1,1.16685,MANIDIPINE HYDROCHLORIDE,Inactive
CCOc1nc2cccc(C(=O)OCc3oc(=O)oc3C)c2n1Cc1ccc(-c2ccccc2-c2noc([O-])n2)cc1.[K+],1.16725,AZILSARTAN MEDOXOMIL,Inactive
CCC(C=CC(C)C1CCC2C3CC=C4CC(O)CCC4(C)C3CCC12C)C(C)C,1.1677,STIGMASTEROL,Inactive
COCCc1ccc(OCC(O)CNC(C)C)cc1.O=C(O)C(O)C(O)C(=O)O,1.16815,METOPROLOL TARTRATE,Inactive
CNCC(O)c1ccc(O)c(O)c1.O=C(O)C(O)C(O)C(=O)O,1.1698,EPINEPHRINE BITARTRATE,Inactive
O.O=C([O-])CC(O)(CC(=O)[O-])C(=O)[O-].[Li+].[Li+].[Li+],1.17,LITHIUM CITRATE HYDRATE,Inactive
CCN(CC)CCOC(=O)C(c1ccccc1)c1ccccc1.Cl,1.1712,ADIPHENINE HYDROCHLORIDE,Inactive
Cl.NC(N)=NC(N)=NCCc1ccccc1,1.172,PHENFORMIN HYDROCHLORIDE,Inactive
CC[N+](C)(CC)CCOC(=O)C(O)(c1ccccc1)C1CCCCC1.[Br-],1.17255,OXYPHENONIUM BROMIDE,Inactive
NC(=O)CS(=O)C(c1ccccc1)c1ccccc1,1.17265,ARMODAFINIL,Inactive
CC(C)[N+]1(C)C2CCC1CC(OC(=O)C(CO)c1ccccc1)C2.[Br-],1.1741,IPRATROPIUM BROMIDE,Inactive
O=C(NC(=O)c1c(F)cccc1F)Nc1ccc(Cl)cc1,1.1742,DIFLUBENZURON,Inactive
COC(=O)c1c(C)c2c(c(C)c1OC)OC(=O)c1c(C)c(Cl)c(OC)c(Cl)c1O2,1.17425,LEOIDIN DIMETHYL ETHER,Inactive
O=S(=O)(c1cccc2cnccc12)N1CCCNCC1,1.17455,FASUDIL HYDROCHLORIDE,Inactive
COC(=O)Nc1nc2cc(C(=O)c3ccc(F)cc3)ccc2[nH]1,1.17585,FLUBENDAZOLE,Inactive
Cc1cccc(C)c1NC(=O)C1CCCCN1C.Cl,1.1762,MEPIVACAINE HYDROCHLORIDE,Inactive
CC(C)C1CCC(C(=O)NC(Cc2ccccc2)C(=O)O)CC1,1.1762,NATEGLINIDE,Inactive
CC1CC2C(C(O)CC3(C)C2CCC3(O)C(=O)CO)C2(C)C=CC(=O)C=C12,1.1766,METHYLPREDNISOLONE,Inactive
NC(=O)N1c2ccccc2CC(=O)c2ccccc21,1.1768,OXCARBAZEPINE,Inactive
O=C1CCCC2C3CC(CN12)C1CCCCN1C3.[O-][Cl+3]([O-])([O-])O,1.1768,LUPANINE PERCHLORATE,Inactive
CCN(CC)CCCC(C)Nc1c2ccc(Cl)cc2nc2ccc(OC)cc12.Cl.Cl,1.1771,QUINACRINE HYDROCHLORIDE,Inactive
COc1ccc2cc(C(C)C(=O)O)ccc2c1,1.1776,NAPROXEN,Inactive
CC12CCC3c4ccc(O)cc4CCC3C1CCC2OC(=O)CCC1CCCC1,1.178,ESTRADIOL CYPIONATE,Inactive
CNC1C(O)C(OC2C(N)CC(N)C(OC3OC(CN)=CCC3N)C2O)OCC1(C)O.O=S(=O)(O)O,1.1784,SISOMICIN SULFATE,Inactive
COc1ccc(-c2oc3cc(OC)c(OC)c(OC)c3c(=O)c2OC)cc1OC,1.17855,HEXAMETHYLQUERCETAGETIN,Inactive
COc1cc(CC=Cc2ccccc2)c(OC)cc1O,1.1787,VIOLASTYRENE,Inactive
Cc1ccc(C)c(OCCCC(C)(C)C(=O)O)c1,1.17945,GEMFIBROZIL,Inactive
CC1(C)NC(=O)N(c2ccc([N+](=O)[O-])c(C(F)(F)F)c2)C1=O,1.1796,NILUTAMIDE,Inactive
O=C(CCCCCCC(=O)Nc1ccccc1)NO,1.18045,VORINOSTAT,Inactive
CCOc1ccc2ccccc2c1C(=O)NC1C(=O)N2C1SC(C)(C)C2C(=O)[O-].[Na+],1.18075,NAFCILLIN SODIUM,Inactive
COc1ccc2cc(CCC(C)=O)ccc2c1,1.18105,NABUMETONE,Inactive
FC(F)(F)COCC(F)(F)F,1.18135,FLUROTHYL,Inactive
CNC(=O)c1c(I)c(NC(C)=O)c(I)c(C(=O)O)c1I,1.18165,IOTHALAMIC ACID,Inactive
NC(=O)CCCCC1CCSS1,1.1817,LIPOAMIDE,Inactive
CCN(CCO)CCCC(C)Nc1ccnc2cc(Cl)ccc12.O=S(=O)(O)O,1.18235,HYDROXYCHLOROQUINE SULFATE,Inactive
CC1=C(C)C(=O)C(C(CCCCCC(=O)O)c2ccccc2)=C(C)C1=O,1.1837,SERATRODAST,Inactive
CC(=O)OCC[N+](C)(C)C.[Cl-],1.1839,ACETYLCHOLINE CHLORIDE,Inactive
CC12CCC(=O)C=C1C=CC1C2CCC2(C)C1CCC21CCC(=O)O1,1.18395,CANRENONE,Inactive
O=C(NC(=O)c1c(F)cccc1F)Nc1cc(Cl)c(OC(F)(F)C(F)C(F)(F)F)cc1Cl,1.1846,LUFENURON,Inactive
CCCN(CCC)CCc1cccc2c1CC(=O)N2.Cl,1.1854,ROPINIROLE HYDROCHLORIDE,Inactive
CCCCCC1C(=O)CCC1CC(=O)OC,1.186,"DIHYDROJASMONIC ACID, METHYL ESTER",Inactive
CC1(C)OC2CC3C4CC(F)C5=CC(=O)C=CC5(C)C4(F)C(O)CC3(C)C2(C(=O)CO)O1,1.18715,FLUOCINOLONE ACETONIDE,Inactive
Cc1cc(=O)[nH]c(=S)[nH]1,1.1878,METHYLTHIOURACIL,Inactive
O=C1CCc2cc(OCCCCc3nnnn3C3CCCCC3)ccc2N1,1.1878,CILOSTAZOL,Inactive
CCC1CN2CCc3cc(OC)c(OC)cc3C2CC1CC1NCCc2cc(OC)c(OC)cc21.Cl.Cl,1.18795,EMETINE DIHYDROCHLORIDE,Inactive
Cl.Cl.NCCc1c[nH]cn1,1.19065,HISTAMINE DIHYDROCHLORIDE,Inactive
CN(C)C(=O)Oc1cccc([N+](C)(C)C)c1.[Br-],1.1915,NEOSTIGMINE BROMIDE,Inactive
O=C1C(O)=C(C2CCC(c3ccc(Cl)cc3)CC2)C(=O)c2ccccc21,1.1919,ATOVAQUONE,Inactive
O=C(O)c1cccnc1,1.1924,NIACIN,Inactive
Cl.NC1C(O)OC(CO)C(O)C1O,1.1926,GLUCOSAMINE HYDROCHLORIDE,Inactive
CC(C)n1c(C=CC(O)CC(O)CC(=O)[O-])c(-c2ccc(F)cc2)c2ccccc21.[Na+],1.19325,FLUVASTATIN SODIUM,Inactive
Nc1nc(NC2CC2)c2ncn(C3C=CC(CO)C3)c2n1.O=S(=O)(O)O,1.1941,ABACAVIR SULFATE,Inactive
CN1C2CCC1CC(OC(=O)C(CO)c1ccccc1)C2.O=S(=O)(O)O,1.1956,ATROPINE SULFATE,Inactive
FCOC(C(F)(F)F)C(F)(F)F,1.1958,SEVOFLURANE,Inactive
CCc1nn(CCCN2CCN(c3cccc(Cl)c3)CC2)c(=O)n1CCOc1ccccc1,1.19725,NEFAZODONE HYDROCHLORIDE,Inactive
NCC1OC(OC2C(CO)OC(OC3C(O)C(N)CC(N)C3OC3OC(CN)C(O)C(O)C3N)C2O)C(N)C(O)C1O.O=S(=O)(O)O.O=S(=O)(O)O.O=S(=O)(O)O,1.1991,NEOMYCIN TRISULFATE,Inactive
O=[N+]([O-])OC1COC2C(O)COC12,1.19955,ISOSORBIDE MONONITRATE,Inactive
CC(C)(C(=O)O)c1ccc(C(O)CCCN2CCC(C(O)(c3ccccc3)c3ccccc3)CC2)cc1.Cl,1.1996,FEXOFENADINE HYDROCHLORIDE,Inactive
Nc1ccc(S(=O)(=O)NC(=O)c2ccccc2)cc1,1.20025,SULFABENZAMIDE,Inactive
CNC1C(OC2OC(CO)C(N)C(O)C2O)OC2CC(N)C(OC3C(N)CC(N)C(O)C3O)OC2C1O.O=S(=O)(O)O,1.20305,APRAMYCIN SULFATE,Inactive
Clc1ccccc1C(c1ccccc1)(c1ccccc1)n1ccnc1,1.20315,CLOTRIMAZOLE,Inactive
COC(=O)C1CC2=CC(=O)CCC2(C)C23OC2CC2(C)C(CCC24CCC(=O)O4)C13,1.2037,EPLERENONE,Inactive
Cl.Clc1cccc(Cl)c1N=C1NCCN1,1.2064,CLONIDINE HYDROCHLORIDE,Inactive
O=C(NC(O)C(Cl)(Cl)Cl)NC(O)C(Cl)(Cl)Cl,1.2084,DICLORALUREA,Inactive
NS(=O)(=O)c1cc2c(cc1C(F)(F)F)NC(Cc1ccccc1)NS2(=O)=O,1.20955,BENDROFLUMETHIAZIDE,Inactive
CC(=O)NC1C(O)CC(O)(C(=O)O)OC1C(O)C(O)CO,1.21185,ACENEURAMIC ACID,Inactive
CCCCC(=O)N(Cc1ccc(-c2ccccc2-c2nn[nH]n2)cc1)C(C(=O)O)C(C)C,1.2146,VALSARTAN,Inactive
O=[N+]([O-])NC1=NCCN1Cc1ccc(Cl)nc1,1.2167,IMIDACLOPRID,Inactive
Cl.NCC(=O)CCC(=O)O,1.21835,AMINOLEVULINIC ACID HYDROCHLORIDE,Inactive
C=CC1(C)CC(=O)C2(O)C(C)(O1)C(OC(C)=O)C(O)C1C(C)(C)CCC(O)C12C,1.23535,COLFORSIN,Inactive
O=S(=O)([O-])c1cc(O)c2c(N=Nc3ccc(Nc4ccccc4)c4c(S(=O)(=O)[O-])cccc34)cc(S(=O)(=O)[O-])cc2c1.[Na+].[Na+].[Na+],1.25165,ANAZOLENE SODIUM,Inactive
Nc1ccc(S(=O)(=O)c2ccc(N)cc2)cc1,1.27315,DAPSONE,Inactive
Cc1cc(-c2ccc(N=Nc3ccc4c(S(=O)(=O)[O-])cc(S(=O)(=O)[O-])c(N)c4c3O)c(C)c2)ccc1N=Nc1ccc2c(S(=O)(=O)[O-])cc(S(=O)(=O)[O-])c(N)c2c1O.[Na+].[Na+].[Na+].[Na+],2.2632,EVANS BLUE,Inactive
C=Cc1c(C)c2cc3[nH]c(cc4nc(cc5[nH]c(cc1n2)c(C)c5CCC(=O)O)c(CCC(=O)O)c4C)c(C)c3C=C,2.62745,PROTOPORPHYRINOGEN IX,Inactive
